URL,Title,Content type,Is rendered page,HTTP status code,Organic traffic,Linked Images
https://coastalroofingofsouthflorida.com/,Coastal Roofing | Local Roofing Contractors In South Florida,text/html; charset=utf-8,FALSE,200,64,https://coastalroofingofsouthflorida.com/wp-content/uploads/2025/04/coastal-roofing-south-florida-1.png
https://coastalroofingofsouthflorida.com/careers/,Join South Florida’s Top Roofing Team | Careers,text/html; charset=utf-8,FALSE,200,0,https://coastalroofingofsouthflorida.com/wp-content/uploads/2025/04/coastal-roofing-career-opportunities-scaled.jpg
https://coastalroofingofsouthflorida.com/roofing/,Residential Roofing In South Florida,text/html; charset=utf-8,FALSE,200,0,https://coastalroofingofsouthflorida.com/wp-content/uploads/2025/04/residential-roofs-florida.jpg
https://coastalroofingofsouthflorida.com/commercial-roofing/,Commercial Roofing In South Florida,text/html; charset=utf-8,FALSE,200,0,https://coastalroofingofsouthflorida.com/wp-content/uploads/2025/04/west-palm-beach-apartment-roofing.webp
https://coastalroofingofsouthflorida.com/about/,Get To Know Coastal Roofing | About,text/html; charset=utf-8,FALSE,200,0,https://coastalroofingofsouthflorida.com/wp-content/uploads/2025/04/coastal-roofing-team-scaled.jpg
https://coastalroofingofsouthflorida.com/reviews/,See Why South Florida Trusts Us | Customer Reviews,text/html; charset=utf-8,FALSE,200,0,https://coastalroofingofsouthflorida.com/wp-content/uploads/2025/03/trusted-florida-roofers.webp
https://coastalroofingofsouthflorida.com/maintenance-plan/,Roof Maintenance Plans For South Florida Homes & Businesses,text/html; charset=utf-8,FALSE,200,0,https://coastalroofingofsouthflorida.com/wp-content/uploads/2025/04/dji_fly_20240509_063908_872_1715260563823_photo.jpeg
https://coastalroofingofsouthflorida.com/faq/,Roofing FAQs For Florida Homeowners,text/html; charset=utf-8,FALSE,200,0,https://coastalroofingofsouthflorida.com/wp-content/uploads/2025/03/trusted-florida-roofers.webp
https://coastalroofingofsouthflorida.com/services/,Expert Roof Repair & Installation Services In South Florida,text/html; charset=utf-8,FALSE,200,0,https://coastalroofingofsouthflorida.com/wp-content/uploads/2025/04/coastal-roofing-services-expertise-1024x682.webp
https://coastalroofingofsouthflorida.com/storm-damage/,Storm Damage Roof In South Florida,text/html; charset=utf-8,FALSE,200,0,https://coastalroofingofsouthflorida.com/wp-content/uploads/2025/10/skil-seven-f56PM88VthE-unsplash.jpg
https://coastalroofingofsouthflorida.com/projects/,See Our Roofing Projects Across South Florida | Gallery,text/html; charset=utf-8,FALSE,200,0,https://coastalroofingofsouthflorida.com/wp-content/uploads/2025/03/residential-coastal-roofing.webp
https://coastalroofingofsouthflorida.com/locations/,Locations | Coastal Roofing South Florida,text/html; charset=utf-8,FALSE,200,0,https://coastalroofingofsouthflorida.com/wp-content/uploads/2025/04/coastal-roofing-services-expertise-1024x682.webp
https://coastalroofingofsouthflorida.com/blog/,"Roofing Tips, Trends & Storm Prep | Blog",text/html; charset=utf-8,FALSE,200,0,https://coastalroofingofsouthflorida.com/wp-content/uploads/2025/03/trusted-florida-roofers.webp
https://coastalroofingofsouthflorida.com/shingle-roofing/,Shingle Roofing In South Florida,text/html; charset=utf-8,FALSE,200,0,https://coastalroofingofsouthflorida.com/wp-content/uploads/2025/10/k8-bWEeIToqM4g-unsplash.jpg
https://coastalroofingofsouthflorida.com/roof-repair/,Roof Repair In South Florida,text/html; charset=utf-8,FALSE,200,0,https://coastalroofingofsouthflorida.com/wp-content/uploads/2025/04/63eda43d2d142ea4ef045cef_industrial1-1024x683.avif
https://coastalroofingofsouthflorida.com/metal-roofing/,Metal Roofing In South Florida,text/html; charset=utf-8,FALSE,200,0,"https://coastalroofingofsouthflorida.com/wp-content/uploads/2025/04/63eda43d2d142ea4ef045cef_industrial1-1024x683.avif
https://coastalroofingofsouthflorida.com/wp-content/uploads/2025/10/long-shot-man-with-helmet-sitting-roof-1-scaled.jpg"
https://coastalroofingofsouthflorida.com/roof-leak-detection/,Roof Leak Detection In South Florida,text/html; charset=utf-8,FALSE,200,0,https://coastalroofingofsouthflorida.com/wp-content/uploads/2025/04/west-palm-beach-apartment-roofing.webp
https://coastalroofingofsouthflorida.com/commercial-roof-inspection/,Commercial Roof Inspection In South Florida,text/html; charset=utf-8,FALSE,200,0,https://coastalroofingofsouthflorida.com/wp-content/uploads/2025/04/west-palm-beach-apartment-roofing.webp
https://coastalroofingofsouthflorida.com/roof-replacement/,Roof Replacement In South Florida,text/html; charset=utf-8,FALSE,200,0,https://coastalroofingofsouthflorida.com/wp-content/uploads/2025/10/Whisk_1141ab2e3fceb4dbf144658529fe8acddr-1.jpeg
https://coastalroofingofsouthflorida.com/waterproofing/,Waterproofing In South Florida,text/html; charset=utf-8,FALSE,200,0,https://coastalroofingofsouthflorida.com/wp-content/uploads/2025/10/vasilis-caravitis-GUEObLhd8DM-unsplash.jpg
https://coastalroofingofsouthflorida.com/tile-roofing/,Tile Roofing In South Florida,text/html; charset=utf-8,FALSE,200,0,https://coastalroofingofsouthflorida.com/wp-content/uploads/2025/10/mitchell-luo-Ng4xt7m9bDA-unsplash.jpg
https://coastalroofingofsouthflorida.com/blog/how-multiple-storms-affect-your-insurance-claim/,How Multiple Storms Affect Your Insurance Claim | Coastal Roofing,text/html; charset=utf-8,FALSE,200,0,https://coastalroofingofsouthflorida.com/wp-content/uploads/2026/06/How-Multiple-Storms-Affect-Your-Insurance-Claim.png
https://coastalroofingofsouthflorida.com/blog/understanding-photovoltaic-roofing-integration-for-bipv-roofing-in-florida/,Understanding Photovoltaic Roofing Integration For BIPV Roofing In Florida | Coastal Roofing,text/html; charset=utf-8,FALSE,200,0,https://coastalroofingofsouthflorida.com/wp-content/uploads/2026/06/Understanding-Photovoltaic-Roofing-Integration.png
https://coastalroofingofsouthflorida.com/privacy-policy/,Privacy Policy | Coastal Roofing,text/html; charset=utf-8,FALSE,200,0,https://coastalroofingofsouthflorida.com/wp-content/uploads/2025/03/trusted-florida-roofers.webp
https://coastalroofingofsouthflorida.com/blog/a-homeowners-guide-to-hurricane-clips-and-straps-in-south-florida/,A Homeowner’s Guide To Hurricane Clips And Straps In South Florida | Coastal Roofing,text/html; charset=utf-8,FALSE,200,16,https://coastalroofingofsouthflorida.com/wp-content/uploads/2025/10/Hurricane-Clips-and-Straps-in-South-Florida.png
https://coastalroofingofsouthflorida.com/blog/what-are-roof-expansion-joints-and-why-do-they-matter-in-florida/,What Are Roof Expansion Joints And Why Do They Matter In Florida? | Coastal Roofing,text/html; charset=utf-8,FALSE,200,0,https://coastalroofingofsouthflorida.com/wp-content/uploads/2026/03/What-Are-Roof-Expansion-Joints-and-Why-Do-They-Matter-in-Florida.png
https://coastalroofingofsouthflorida.com/instant-roof-quote/,Instant Roofing Quote For South Florida Homes & Properties,text/html; charset=utf-8,FALSE,200,0,https://coastalroofingofsouthflorida.com/wp-content/uploads/2025/03/trusted-florida-roofers.webp
https://coastalroofingofsouthflorida.com/blog/how-to-file-a-roof-damage-insurance-claim-in-south-florida/,How To File A Roof Damage Insurance Claim In South Florida | Coastal Roofing,text/html; charset=utf-8,FALSE,200,0,https://coastalroofingofsouthflorida.com/wp-content/uploads/2026/04/How-to-File-a-Roof-Damage-Insurance-Claim-in-South-Florida.png
https://coastalroofingofsouthflorida.com/blog/modified-bitumen-vs-tpo-roofing-cost-and-performance-guide/,Modified Bitumen Vs TPO Roofing Cost And Performance Guide | Coastal Roofing,text/html; charset=utf-8,FALSE,200,10,https://coastalroofingofsouthflorida.com/wp-content/uploads/2026/01/modified-bitumen-vs-tpo-comparison-3-scaled.jpg
https://coastalroofingofsouthflorida.com/blog/metal-vs-shingles-vs-tile-whats-the-best-roof-for-florida-hurricanes/,Metal Vs. Shingles Vs. Tile: What's The Best Roof For Florida Hurricanes? | Coastal Roofing,text/html; charset=utf-8,FALSE,200,0,https://coastalroofingofsouthflorida.com/wp-content/uploads/2026/04/Whats-the-Best-Roof-for-Florida-Hurricanes.png
https://coastalroofingofsouthflorida.com/blog/roof-ventilation-benefits-5-essential-reasons-your-south-florida-home-needs-proper-airflow/,Roof Ventilation Benefits 5 Essential Reasons Your South Florida Home Needs Proper Airflow | Coastal Roofing,text/html; charset=utf-8,FALSE,200,0,https://coastalroofingofsouthflorida.com/wp-content/uploads/2026/03/roof-ventilation-diagram-scaled.jpg
https://coastalroofingofsouthflorida.com/blog/plywood-vs-osb-for-roof-decking-which-material-protects-your-home-better/,Plywood Vs OSB For Roof Decking: Which Material Protects Your Home Better | Coastal Roofing,text/html; charset=utf-8,FALSE,200,4,https://coastalroofingofsouthflorida.com/wp-content/uploads/2026/01/plywood_osb_comparison-3-scaled.jpg
https://coastalroofingofsouthflorida.com/blog/best-roof-underlayment-for-florida-homes-synthetic-vs-peel-and-stick-vs-felt/,Best Roof Underlayment For Florida Homes: Synthetic Vs Peel And Stick Vs Felt | Coastal Roofing,text/html; charset=utf-8,FALSE,200,5,https://coastalroofingofsouthflorida.com/wp-content/uploads/2026/01/florida_roof_underlayment_installation-3-scaled.jpg
https://coastalroofingofsouthflorida.com/blog/florida-roof-lifespan-guide-how-long-do-shingles-tiles-and-metal-roofs-last/,"Florida Roof Lifespan Guide: How Long Do Shingles, Tiles And Metal Roofs Last | Coastal Roofing",text/html; charset=utf-8,FALSE,200,1,https://coastalroofingofsouthflorida.com/wp-content/uploads/2026/01/florida-home-with-different-roof-types-under-sunny-sky-4-scaled.jpg
https://coastalroofingofsouthflorida.com/blog/what-questions-to-ask-during-roof-inspections/,What Questions To Ask During Roof Inspections | Coastal Roofing,text/html; charset=utf-8,FALSE,200,0,https://coastalroofingofsouthflorida.com/wp-content/uploads/2025/10/Questions-to-Ask-During-Roof-Inspections.png
https://coastalroofingofsouthflorida.com/blog/commercial-flat-roof-replacement-cost-2026-complete-guide-business-owners/,Commercial Flat Roof Replacement Cost 2026: Complete Guide For Business Owners | Coastal Roofing,text/html; charset=utf-8,FALSE,200,2,https://coastalroofingofsouthflorida.com/wp-content/uploads/2026/01/commercial_flat_roof_tpo_installation-3-scaled.jpg
https://coastalroofingofsouthflorida.com/blog/single-ply-roof-membrane-pros-and-cons-for-florida-properties/,Single-Ply Roof Membrane Pros And Cons For Florida Properties | Coastal Roofing,text/html; charset=utf-8,FALSE,200,0,https://coastalroofingofsouthflorida.com/wp-content/uploads/2026/01/single_ply_roof_installation_florida-3-scaled.jpg
https://coastalroofingofsouthflorida.com/blog/the-real-reason-some-roofs-hold-up-when-hurricanes-hit/,The Real Reason Some Roofs Hold Up When Hurricanes Hit | Coastal Roofing,text/html; charset=utf-8,FALSE,200,0,https://coastalroofingofsouthflorida.com/wp-content/uploads/2026/05/The-Real-Reason-Some-Roofs-Hold-Up-When-Hurricanes-Hit.png
https://coastalroofingofsouthflorida.com/blog/how-to-identify-common-roofing-scams-in-florida-after-a-storm/,How To Identify Common Roofing Scams In Florida After A Storm | Coastal Roofing,text/html; charset=utf-8,FALSE,200,0,https://coastalroofingofsouthflorida.com/wp-content/uploads/2026/05/How-to-Identify-Common-Roofing-Scams-in-Florida-After-a-Storm.png
https://coastalroofingofsouthflorida.com/blog/metal-roofs-vs-shingle-roofs-a-south-florida-homeowners-guide/,Metal Roofs Vs. Shingle Roofs In South Florida: An Expert's Guide,text/html; charset=utf-8,FALSE,200,0,https://coastalroofingofsouthflorida.com/wp-content/uploads/2025/04/DJI_0055-scaled.jpg
https://coastalroofingofsouthflorida.com/blog/metal-roofs-in-florida-complete-guide-pros-cons-costs/,"Metal Roofs In Florida: Complete Guide To Pros, Cons, And Costs | Coastal Roofing",text/html; charset=utf-8,FALSE,200,0,https://coastalroofingofsouthflorida.com/wp-content/uploads/2026/01/modern-metal-roof-florida-home-hurricane-resistant-7-scaled.jpg
https://coastalroofingofsouthflorida.com/metal-roofing/metal-roofing-in-loxahatchee-fl/,"Metal Roofing In Loxahatchee, FL",text/html; charset=utf-8,FALSE,200,0,https://coastalroofingofsouthflorida.com/wp-content/uploads/2025/10/Whisk_ff2be8aebb8f8a6a6544a7c9b7f275dddr.jpeg
https://coastalroofingofsouthflorida.com/blog/black-metal-roof-pros-and-cons-florida-worth-it-home/,Black Metal Roof Pros And Cons In Florida - Is It Worth It For Your Home? | Coastal Roofing,text/html; charset=utf-8,FALSE,200,0,https://coastalroofingofsouthflorida.com/wp-content/uploads/2026/01/modern_black_metal_roof_florida_home-3-scaled.jpg
https://coastalroofingofsouthflorida.com/locations/south-florida/,"Roofing Services In South Florida, FL",text/html; charset=utf-8,FALSE,200,0,https://coastalroofingofsouthflorida.com/wp-content/uploads/2025/10/piotr-pienkowski-GdNHcZWt-ls-unsplash.jpg
https://coastalroofingofsouthflorida.com/metal-roofing/metal-roofing-in-boca-raton-fl/,"Metal Roofing In Boca Raton, FL",text/html; charset=utf-8,FALSE,200,0,https://coastalroofingofsouthflorida.com/wp-content/uploads/2025/10/k8-bWEeIToqM4g-unsplash.jpg
https://coastalroofingofsouthflorida.com/blog/laminated-shingles-vs-regular-shingles-which-is-better-for-florida-homes/,Laminated Shingles Vs Regular Shingles: Which Is Better For Florida Homes | Coastal Roofing,text/html; charset=utf-8,FALSE,200,0,https://coastalroofingofsouthflorida.com/wp-content/uploads/2026/01/laminated-shingles-florida-home-hurricane-3-scaled.jpg
https://coastalroofingofsouthflorida.com/blog/roof-replacement-cost-florida-2026-complete-pricing-guide-for-homeowners-and-businesses/,Roof Replacement Cost Florida 2026: Complete Pricing Guide For Homeowners And Businesses | Coastal Roofing,text/html; charset=utf-8,FALSE,200,0,https://coastalroofingofsouthflorida.com/wp-content/uploads/2026/01/florida-roof-replacement-cost-comparison-chart-2026-3-scaled.jpg
https://coastalroofingofsouthflorida.com/blog/roof-shingle-types-in-florida-asphalt-vs-synthetic-vs-metal-costs-wind-ratings-best-picks/,"Roof Shingle Types In Florida: Asphalt Vs Synthetic Vs Metal - Costs, Wind Ratings & Best Picks | Coastal Roofing",text/html; charset=utf-8,FALSE,200,0,https://coastalroofingofsouthflorida.com/wp-content/uploads/2026/01/florida_home_architectural_shingles-3-scaled.jpg
https://coastalroofingofsouthflorida.com/blog/can-you-paint-roof-tiles-in-florida-clay-vs-concrete-guide/,Can You Paint Roof Tiles In Florida? Clay Vs Concrete Guide | Coastal Roofing,text/html; charset=utf-8,FALSE,200,0,https://coastalroofingofsouthflorida.com/wp-content/uploads/2026/01/florida-painted-concrete-roof-tiles-before-after-3-scaled.jpg
https://coastalroofingofsouthflorida.com/blog/metal-roof-cost-in-florida-2026-complete-pricing-guide/,Metal Roof Cost In Florida 2026 Complete Pricing Guide | Coastal Roofing,text/html; charset=utf-8,FALSE,200,0,https://coastalroofingofsouthflorida.com/wp-content/uploads/2026/01/modern-metal-roof-florida-home-hurricane-resistant-6-scaled.jpg
https://coastalroofingofsouthflorida.com/blog/soffit-replacement-cost-florida-complete-2026-guide/,Soffit Replacement Cost In Florida - Complete 2026 Guide | Coastal Roofing,text/html; charset=utf-8,FALSE,200,0,https://coastalroofingofsouthflorida.com/wp-content/uploads/2026/01/florida_home_damaged_soffit-4-scaled.jpg
https://coastalroofingofsouthflorida.com/blog/clay-vs-concrete-roof-tiles-complete-comparison-guide-florida-homeowners/,Clay Vs Concrete Roof Tiles: Complete Comparison Guide For Florida Homeowners | Coastal Roofing,text/html; charset=utf-8,FALSE,200,0,https://coastalroofingofsouthflorida.com/wp-content/uploads/2026/01/clay-and-concrete-roof-tiles-side-by-side-comparison-florida-home-3-scaled.jpg
https://coastalroofingofsouthflorida.com/blog/metal-roofing-for-flat-roofs-complete-cost-and-installation-guide/,Metal Roofing For Flat Roofs: Complete Cost And Installation Guide | Coastal Roofing,text/html; charset=utf-8,FALSE,200,0,https://coastalroofingofsouthflorida.com/wp-content/uploads/2026/01/modern-flat-metal-roof-installation-florida-home-3-scaled.jpg
https://coastalroofingofsouthflorida.com/blog/best-shingle-colors-for-florida-homes-7-top-picks-for-2026/,Best Shingle Colors For Florida Homes: 7 Top Picks For 2026 | Coastal Roofing,text/html; charset=utf-8,FALSE,200,0,https://coastalroofingofsouthflorida.com/wp-content/uploads/2026/01/florida_home_light_gray_shingles-3-scaled.jpg
https://coastalroofingofsouthflorida.com/blog/best-roof-financing-options-in-florida-compare-rates-and-get-0-apr/,Best Roof Financing Options In Florida - Compare Rates And Get 0% APR | Coastal Roofing,text/html; charset=utf-8,FALSE,200,0,https://coastalroofingofsouthflorida.com/wp-content/uploads/2026/01/florida-homeowner-roof-financing-laptop-3-scaled.jpg
https://coastalroofingofsouthflorida.com/blog/understanding-tpo-roofing-systems/,Understanding TPO Roofing Systems | Coastal Roofing,text/html; charset=utf-8,FALSE,200,0,https://coastalroofingofsouthflorida.com/wp-content/uploads/2026/05/Understanding-TPO-Roofing-Systems.png
https://coastalroofingofsouthflorida.com/blog/the-science-behind-cool-roof-coatings/,The Science Behind Cool Roof Coatings | Coastal Roofing,text/html; charset=utf-8,FALSE,200,0,https://coastalroofingofsouthflorida.com/wp-content/uploads/2026/04/The-Science-Behind-Cool-Roof-Coatings.png
https://coastalroofingofsouthflorida.com/blog/how-acid-rain-damages-your-south-florida-roof/,How Acid Rain Damages Your South Florida Roof | Coastal Roofing,text/html; charset=utf-8,FALSE,200,0,https://coastalroofingofsouthflorida.com/wp-content/uploads/2026/03/How-Acid-Rain-Damages-Your-South-Florida-Roof.png
https://coastalroofingofsouthflorida.com/blog/how-coastal-fog-affects-your-roofing-materials/,How Coastal Fog Affects Your Roofing Materials | Coastal Roofing,text/html; charset=utf-8,FALSE,200,0,https://coastalroofingofsouthflorida.com/wp-content/uploads/2025/10/17615.jpg
https://coastalroofingofsouthflorida.com/blog/anna-maria-island-roofers-expert-storm-damage-repair-roof-replacement/,Anna Maria Island Roofers - Expert Storm Damage Repair & Roof Replacement | Coastal Roofing,text/html; charset=utf-8,FALSE,200,0,https://coastalroofingofsouthflorida.com/wp-content/uploads/2026/01/aerial-view-anna-maria-island-homes-3-scaled.jpg
https://coastalroofingofsouthflorida.com/blog/free-roofing-calculator-estimate-roof-area-materials-costs-online/,"Free Roofing Calculator - Estimate Roof Area, Materials & Costs Online | Coastal Roofing",text/html; charset=utf-8,FALSE,200,0,https://coastalroofingofsouthflorida.com/wp-content/uploads/2026/01/roofing_calculator_interface-4-scaled.jpg
https://coastalroofingofsouthflorida.com/blog/tile-roof-installation-florida-complete-7-step-professional-guide/,Tile Roof Installation In Florida: Complete 7-Step Professional Guide | Coastal Roofing,text/html; charset=utf-8,FALSE,200,0,https://coastalroofingofsouthflorida.com/wp-content/uploads/2026/01/professional-roofers-installing-clay-tiles-florida-3-scaled.jpg
https://coastalroofingofsouthflorida.com/blog/modified-bitumen-vs-tpo-roofing-for-florida-flat-roofs/,Modified Bitumen Vs TPO Roofing For Florida Flat Roofs | Coastal Roofing,text/html; charset=utf-8,FALSE,200,0,https://coastalroofingofsouthflorida.com/wp-content/uploads/2026/01/comparison-modified-bitumen-tpo-roofing-florida-3-scaled.jpg
https://coastalroofingofsouthflorida.com/blog/how-to-clean-a-metal-roof-without-damage-safe-diy-steps-and-tools/,How To Clean A Metal Roof Without Damage: Safe DIY Steps And Tools | Coastal Roofing,text/html; charset=utf-8,FALSE,200,0,https://coastalroofingofsouthflorida.com/wp-content/uploads/2026/01/metal-roof-cleaning-before-after-comparison-3-scaled.jpg
https://coastalroofingofsouthflorida.com/blog/new-construction-roofing-vs-roof-replacement-complete-cost-guide-2026/,New Construction Roofing Vs Roof Replacement: Complete Cost Guide For 2026 | Coastal Roofing,text/html; charset=utf-8,FALSE,200,0,https://coastalroofingofsouthflorida.com/wp-content/uploads/2026/01/new-construction-vs-replacement-3-scaled.jpg
https://coastalroofingofsouthflorida.com/blog/asphalt-shingle-roof-cost-florida-2026/,Asphalt Shingle Roof Cost In Florida 2026 | Coastal Roofing,text/html; charset=utf-8,FALSE,200,0,https://coastalroofingofsouthflorida.com/wp-content/uploads/2026/01/modern-asphalt-shingle-roof-on-florida-home-3-scaled.jpg
https://coastalroofingofsouthflorida.com/blog/best-commercial-roofing-materials-for-floridas-climate-and-hurricane-season/,Best Commercial Roofing Materials For Florida's Climate And Hurricane Season | Coastal Roofing,text/html; charset=utf-8,FALSE,200,0,https://coastalroofingofsouthflorida.com/wp-content/uploads/2026/05/Best-Commercial-Roofing-Materials-for-Floridas-Climate-and-Hurricane-Season.png
https://coastalroofingofsouthflorida.com/metal-roofing/metal-roofing-in-jupiter-fl/,"Metal Roofing In Jupiter, FL",text/html; charset=utf-8,FALSE,200,0,https://coastalroofingofsouthflorida.com/wp-content/uploads/2025/10/lawrence-krowdeed-QwyqnMJC_rc-unsplash-scaled.jpg
https://coastalroofingofsouthflorida.com/blog/tpo-vs-epdm-rubber-roofing-2026-complete-florida-comparison-guide/,TPO Vs EPDM Rubber Roofing 2026: Complete Florida Comparison Guide | Coastal Roofing,text/html; charset=utf-8,FALSE,200,1,https://coastalroofingofsouthflorida.com/wp-content/uploads/2026/01/florida_tpo_roof_installation-3-scaled.jpg
https://coastalroofingofsouthflorida.com/blog/how-to-handle-unexpected-roof-damage/,How To Handle Unexpected Roof Damage | Coastal Roofing,text/html; charset=utf-8,FALSE,200,0,https://coastalroofingofsouthflorida.com/wp-content/uploads/2026/04/How-to-Handle-Unexpected-Roof-Damage.png
https://coastalroofingofsouthflorida.com/blog/what-is-considered-an-old-roof-in-florida-complete-material-guide/,What Is Considered An Old Roof In Florida? Complete Material Guide | Coastal Roofing,text/html; charset=utf-8,FALSE,200,0,https://coastalroofingofsouthflorida.com/wp-content/uploads/2026/01/florida_aging_roof_materials-3-scaled.jpg
https://coastalroofingofsouthflorida.com/blog/white-roof-shingles-for-florida-homes-complete-pros-and-cons-guide/,White Roof Shingles For Florida Homes: Complete Pros And Cons Guide | Coastal Roofing,text/html; charset=utf-8,FALSE,200,0,https://coastalroofingofsouthflorida.com/wp-content/uploads/2026/01/white-shingle-roof-florida-home-3-scaled.jpg
https://coastalroofingofsouthflorida.com/roofing/residential-roofing-in-palm-springs-fl/,"Residential Roofing In Palm Springs, FL",text/html; charset=utf-8,FALSE,200,0,https://coastalroofingofsouthflorida.com/wp-content/uploads/2025/10/skil-seven-f56PM88VthE-unsplash.jpg
https://coastalroofingofsouthflorida.com/blog/roof-replacement-guide/,The Ultimate Guide: Roof Replacement For Homeowners In South Florida,text/html; charset=utf-8,FALSE,200,0,https://coastalroofingofsouthflorida.com/wp-content/uploads/2025/04/AdobeStock_533139836-scaled.jpeg
https://coastalroofingofsouthflorida.com/blog/best-flat-roof-materials-florida-commercial-buildings/,Best Flat Roof Materials For Florida Commercial Buildings | Coastal Roofing,text/html; charset=utf-8,FALSE,200,0,https://coastalroofingofsouthflorida.com/wp-content/uploads/2026/01/commercial_flat_roof_installation_florida-3-scaled.jpg
https://coastalroofingofsouthflorida.com/blog/how-to-check-a-roofers-references-and-hire-with-confidence/,How To Check A Roofer’s References And Hire With Confidence | Coastal Roofing,text/html; charset=utf-8,FALSE,200,0,https://coastalroofingofsouthflorida.com/wp-content/uploads/2025/11/What-questions-should-I-ask-a-reference.png
https://coastalroofingofsouthflorida.com/blog/best-metal-roof-for-hurricanes-in-florida-wind-ratings-materials-and-installation-guide/,"Best Metal Roof For Hurricanes In Florida: Wind Ratings, Materials And Installation Guide | Coastal Roofing",text/html; charset=utf-8,FALSE,200,0,https://coastalroofingofsouthflorida.com/wp-content/uploads/2026/01/metal_roof_hurricane_durability-3-scaled.jpg
https://coastalroofingofsouthflorida.com/blog/best-metal-roof-types-for-florida-homes-in-2026/,Best Metal Roof Types For Florida Homes In 2026 | Coastal Roofing,text/html; charset=utf-8,FALSE,200,0,https://coastalroofingofsouthflorida.com/wp-content/uploads/2026/01/florida_home_standing_seam_metal_roof-3-scaled.jpg
https://coastalroofingofsouthflorida.com/blog/metal-roof-over-shingles-complete-guide-pros-cons-installation/,"Metal Roof Over Shingles: Complete Guide To Pros, Cons And Installation | Coastal Roofing",text/html; charset=utf-8,FALSE,200,0,https://coastalroofingofsouthflorida.com/wp-content/uploads/2026/01/metal_roof_overlay_installation-3-scaled.jpg
https://coastalroofingofsouthflorida.com/blog/gutter-guards-in-florida-are-they-worth-it-for-your-home/,Gutter Guards In Florida Are They Worth It For Your Home? | Coastal Roofing,text/html; charset=utf-8,FALSE,200,0,https://coastalroofingofsouthflorida.com/wp-content/uploads/2026/01/gutter-guards-installed-on-florida-home-with-palm-trees-4-scaled.jpg
https://coastalroofingofsouthflorida.com/blog/wind-damage-to-roof-shingles-in-florida-expert-repair-guide/,Wind Damage To Roof Shingles In Florida - Expert Repair Guide | Coastal Roofing,text/html; charset=utf-8,FALSE,200,0,https://coastalroofingofsouthflorida.com/wp-content/uploads/2026/01/wind_damaged_roof_shingles_florida-3-scaled.jpg
https://coastalroofingofsouthflorida.com/blog/understanding-floridas-25-rule-for-roof-repair-and-replacement-in-2026/,Understanding Florida’s 25% Rule For Roof Repair And Replacement In 2026 | Coastal Roofing,text/html; charset=utf-8,FALSE,200,0,https://coastalroofingofsouthflorida.com/wp-content/uploads/2025/12/Understanding-Floridas-25-Rule-for-Roof-Repair-and-Replacement.png
https://coastalroofingofsouthflorida.com/blog/metal-roof-vs-shingles-cost-2026-complete-price-comparison-guide/,Metal Roof Vs Shingles Cost 2026: Complete Price Comparison Guide | Coastal Roofing,text/html; charset=utf-8,FALSE,200,0,https://coastalroofingofsouthflorida.com/wp-content/uploads/2026/01/metal-roof-vs-shingles-florida-homes-3-scaled.jpg
https://coastalroofingofsouthflorida.com/metal-roofing/metal-roofing-in-tequesta-fl/,"Metal Roofing In Tequesta, FL",text/html; charset=utf-8,FALSE,200,0,https://coastalroofingofsouthflorida.com/wp-content/uploads/2025/10/abin-jojo-gJ7Sdlz_O-o-unsplash-scaled.jpg
https://coastalroofingofsouthflorida.com/blog/chimney-flashing-repair-costs-florida-complete-guide-types-pricing/,Chimney Flashing Repair Costs In Florida: Complete Guide To Types And Pricing | Coastal Roofing,text/html; charset=utf-8,FALSE,200,0,https://coastalroofingofsouthflorida.com/wp-content/uploads/2026/01/chimney-flashing-repair-florida-home-3-scaled.jpg
https://coastalroofingofsouthflorida.com/metal-roofing/metal-roofing-in-jupiter-farms-fl/,"Metal Roofing In Jupiter Farms, FL",text/html; charset=utf-8,FALSE,200,0,https://coastalroofingofsouthflorida.com/wp-content/uploads/2025/10/Whisk_ff2be8aebb8f8a6a6544a7c9b7f275dddr.jpeg
https://coastalroofingofsouthflorida.com/blog/black-roof-shingles-in-florida-pros-cons-and-expert-advice/,"Black Roof Shingles In Florida - Pros, Cons, And Expert Advice | Coastal Roofing",text/html; charset=utf-8,FALSE,200,0,https://coastalroofingofsouthflorida.com/wp-content/uploads/2026/01/modern_black_shingle_roof_florida-3-scaled.jpg
https://coastalroofingofsouthflorida.com/blog/free-roof-repair-estimate-guide-what-to-expect-from-your-quote/,Free Roof Repair Estimate Guide - What To Expect From Your Quote | Coastal Roofing,text/html; charset=utf-8,FALSE,200,0,https://coastalroofingofsouthflorida.com/wp-content/uploads/2026/01/roofer_inspecting_shingles-3-scaled.jpg
https://coastalroofingofsouthflorida.com/blog/florida-roof-replacement-costs-2026-complete-pricing-guide/,Florida Roof Replacement Costs 2026: Complete Pricing Guide | Coastal Roofing,text/html; charset=utf-8,FALSE,200,0,https://coastalroofingofsouthflorida.com/wp-content/uploads/2026/01/florida-roof-installation-workers-4-scaled.jpg
https://coastalroofingofsouthflorida.com/blog/why-your-roof-needs-a-permit-and-inspection-in-south-florida/,Why Your Roof Needs A Permit And Inspection In South Florida | Coastal Roofing,text/html; charset=utf-8,FALSE,200,0,https://coastalroofingofsouthflorida.com/wp-content/uploads/2026/01/Why-Your-Roof-Needs-a-Permit-and-Inspection-in-South-Florida.png
https://coastalroofingofsouthflorida.com/metal-roofing/metal-roofing-in-west-palm-beach-fl/,"Metal Roofing In West Palm Beach, FL",text/html; charset=utf-8,FALSE,200,0,https://coastalroofingofsouthflorida.com/wp-content/uploads/2025/10/Whisk_dae632e01b13f01a52d4dba16f26579fdr.jpeg
https://coastalroofingofsouthflorida.com/blog/understanding-fastener-systems-for-florida-roofs/,Understanding Fastener Systems For Florida Roofs | Coastal Roofing,text/html; charset=utf-8,FALSE,200,0,https://coastalroofingofsouthflorida.com/wp-content/uploads/2026/05/Understanding-Fastener-Systems-for-Florida-Roofs.png
https://coastalroofingofsouthflorida.com/blog/tpo-roofing-for-mobile-homes-in-florida-complete-guide-2026/,TPO Roofing For Mobile Homes In Florida - Complete Guide 2026 | Coastal Roofing,text/html; charset=utf-8,FALSE,200,0,https://coastalroofingofsouthflorida.com/wp-content/uploads/2026/01/tpo_roofing_installation_mobile_home_florida-3-scaled.jpg
https://coastalroofingofsouthflorida.com/commercial-roofing/commercial-roofing-in-boca-raton-fl/,"Commercial Roofing In Boca Raton, FL",text/html; charset=utf-8,FALSE,200,0,https://coastalroofingofsouthflorida.com/wp-content/uploads/2025/10/ben-kupke-d_N0GHei7UU-unsplash.jpg
https://coastalroofingofsouthflorida.com/blog/the-ultimate-guide-to-roofing-services-in-boynton-beach-fl-from-repairs-to-full-replacements/,Boynton Beach Roofing Tips: Repairs & Replacements,text/html; charset=utf-8,FALSE,200,0,https://coastalroofingofsouthflorida.com/wp-content/uploads/2025/04/556B2387-9237-437F-8972-34B70E2F2574_1_105_c.jpeg
https://coastalroofingofsouthflorida.com/metal-roofing/metal-roofing-in-palm-beach-gardens-fl/,"Metal Roofing In Palm Beach Gardens, FL",text/html; charset=utf-8,FALSE,200,0,https://coastalroofingofsouthflorida.com/wp-content/uploads/2025/10/sydney-moore-k4RoojcVDzI-unsplash.jpg
https://coastalroofingofsouthflorida.com/blog/standing-seam-vs-5v-metal-roofing-complete-cost-performance-guide/,Standing Seam Vs 5V Metal Roofing: Complete Cost And Performance Guide | Coastal Roofing,text/html; charset=utf-8,FALSE,200,0,https://coastalroofingofsouthflorida.com/wp-content/uploads/2026/01/standing_seam_vs_5v_comparison-3-scaled.jpg
https://coastalroofingofsouthflorida.com/blog/flat-roof-installation-cost-in-florida-2026-complete-pricing-guide/,Flat Roof Installation Cost In Florida 2026 - Complete Pricing Guide | Coastal Roofing,text/html; charset=utf-8,FALSE,200,0,https://coastalroofingofsouthflorida.com/wp-content/uploads/2026/01/flat-roof-installation-florida-2026-3-scaled.jpg
https://coastalroofingofsouthflorida.com/blog/5-best-flat-roof-drainage-systems-types-pros-cons-installation-guide/,"5 Best Flat Roof Drainage Systems: Types, Pros, Cons & Installation Guide | Coastal Roofing",text/html; charset=utf-8,FALSE,200,0,https://coastalroofingofsouthflorida.com/wp-content/uploads/2026/01/flat-roof-drainage-systems-comparison-diagram-3-scaled.jpg
https://coastalroofingofsouthflorida.com/blog/gutter-installation-cost-in-florida-2026-complete-price-guide/,Gutter Installation Cost In Florida 2026 - Complete Price Guide | Coastal Roofing,text/html; charset=utf-8,FALSE,200,0,https://coastalroofingofsouthflorida.com/wp-content/uploads/2026/01/florida_home_gutters_rain-4-scaled.jpg
https://coastalroofingofsouthflorida.com/blog/best-roofers-palm-beach/,10 Best Roofing Companies In Palm Beach County | 2025 | 2026,text/html; charset=utf-8,FALSE,200,1,https://coastalroofingofsouthflorida.com/wp-content/uploads/2026/05/Best-Roofing-Contractor-Article.webp
https://coastalroofingofsouthflorida.com/roofing/residential-roofing-in-lake-clarke-shores-fl/,"Residential Roofing In Lake Clarke Shores, FL",text/html; charset=utf-8,FALSE,200,0,https://coastalroofingofsouthflorida.com/wp-content/uploads/2025/10/low-angle-WDy9gJOMqwg-unsplash.jpg
https://coastalroofingofsouthflorida.com/blog/galvalume-vs-aluminum-vs-steel-roofing-complete-cost-and-performance-comparison/,Galvalume Vs Aluminum Vs Steel Roofing: Complete Cost And Performance Comparison | Coastal Roofing,text/html; charset=utf-8,FALSE,200,0,https://coastalroofingofsouthflorida.com/wp-content/uploads/2026/01/modern-metal-roof-comparison-three-materials-residential-home-3-scaled.jpg
https://coastalroofingofsouthflorida.com/blog/are-metal-roofs-loud-when-it-rains-the-truth-about-noise/,Are Metal Roofs Loud When It Rains? The Truth About Noise | Coastal Roofing,text/html; charset=utf-8,FALSE,200,0,https://coastalroofingofsouthflorida.com/wp-content/uploads/2026/01/modern-metal-roof-in-rain-residential-home-3-scaled.jpg
https://coastalroofingofsouthflorida.com/blog/do-30-year-shingles-really-last-30-years-in-florida-truth-about-roof-warranties/,Do 30-Year Shingles Really Last 30 Years In Florida? The Truth About Roof Warranties | Coastal Roofing,text/html; charset=utf-8,FALSE,200,0,https://coastalroofingofsouthflorida.com/wp-content/uploads/2026/01/florida_home_worn_shingles-3-scaled.jpg
https://coastalroofingofsouthflorida.com/blog/best-flat-roof-materials-for-florida-homes-in-2026/,Best Flat Roof Materials For Florida Homes In 2026 | Coastal Roofing,text/html; charset=utf-8,FALSE,200,0,https://coastalroofingofsouthflorida.com/wp-content/uploads/2026/01/modern_flat_roof_florida_home-3-scaled.jpg
https://coastalroofingofsouthflorida.com/metal-roofing/metal-roofing-in-palm-springs-fl/,"Metal Roofing In Palm Springs, FL",text/html; charset=utf-8,FALSE,200,0,https://coastalroofingofsouthflorida.com/wp-content/uploads/2025/10/Whisk_dae632e01b13f01a52d4dba16f26579fdr.jpeg
https://coastalroofingofsouthflorida.com/blog/asphalt-shingle-repair-guide-for-florida-homeowners/,Asphalt Shingle Repair Guide For Florida Homeowners | Coastal Roofing,text/html; charset=utf-8,FALSE,200,0,https://coastalroofingofsouthflorida.com/wp-content/uploads/2026/01/damaged-asphalt-shingles-florida-storm-3-scaled.jpg
https://coastalroofingofsouthflorida.com/blog/flat-roofing-tiles-vs-barrel-tiles-cost-guide-florida-2026/,Flat Roofing Tiles Vs Barrel Tiles Cost Guide Florida 2026 | Coastal Roofing,text/html; charset=utf-8,FALSE,200,1,https://coastalroofingofsouthflorida.com/wp-content/uploads/2026/01/flat-concrete-roofing-tiles-florida-home-3-scaled.jpg
https://coastalroofingofsouthflorida.com/roof-leak-detection/roof-leak-detection-in-palm-springs-fl/,"Roof Leak Detection Services In Palm Springs, FL",text/html; charset=utf-8,FALSE,200,0,https://coastalroofingofsouthflorida.com/wp-content/uploads/2025/10/ben-kupke-d_N0GHei7UU-unsplash.jpg
https://coastalroofingofsouthflorida.com/blog/5-common-causes-of-premature-roof-failure-in-south-florida-you-need-to-know/,5 Common Causes Of Premature Roof Failure In South Florida You Need To Know | Coastal Roofing,text/html; charset=utf-8,FALSE,200,0,https://coastalroofingofsouthflorida.com/wp-content/uploads/2026/03/damaged-roof-showing-multiple-failure-points-on-residential-home-scaled.jpg
https://coastalroofingofsouthflorida.com/commercial-roof-inspection/commercial-roof-inspection-in-jupiter-farms-fl/,"Commercial Roof Inspection In Jupiter Farms, FL",text/html; charset=utf-8,FALSE,200,0,https://coastalroofingofsouthflorida.com/wp-content/uploads/2025/10/ben-kupke-d_N0GHei7UU-unsplash.jpg
https://coastalroofingofsouthflorida.com/blog/understanding-roof-flashing-materials/,Understanding Roof Flashing Materials | Coastal Roofing,text/html; charset=utf-8,FALSE,200,0,https://coastalroofingofsouthflorida.com/wp-content/uploads/2026/03/roof-flashing-materials.png
https://coastalroofingofsouthflorida.com/shingle-roofing/shingle-roofing-in-tequesta-fl/,"Shingle Roofing In Tequesta, FL",text/html; charset=utf-8,FALSE,200,0,https://coastalroofingofsouthflorida.com/wp-content/uploads/2025/10/airci-k-AlUf1AzV3p8-unsplash.jpg
https://coastalroofingofsouthflorida.com/storm-damage/storm-damage-in-fort-lauderdale-fl/,"Storm Damage Roof Repair Services In Fort Lauderdale, FL",text/html; charset=utf-8,FALSE,200,0,https://coastalroofingofsouthflorida.com/wp-content/uploads/2025/10/connie-de-vries-N3XEauHA2HA-unsplash.jpg
https://coastalroofingofsouthflorida.com/roof-leak-detection/roof-leak-detection-in-boynton-beach-fl/,"Roof Leak Detection Services In Boynton Beach, FL",text/html; charset=utf-8,FALSE,200,0,https://coastalroofingofsouthflorida.com/wp-content/uploads/2025/10/ben-kupke-d_N0GHei7UU-unsplash.jpg
https://coastalroofingofsouthflorida.com/blog/how-to-prepare-your-roof-for-storms-in-south-florida-in-2026/,How To Prepare Your Roof For Storms In South Florida In 2026 | Coastal Roofing,text/html; charset=utf-8,FALSE,200,0,https://coastalroofingofsouthflorida.com/wp-content/uploads/2026/03/florida_home_wellmaintained_roof_before_storm-scaled.jpg
https://coastalroofingofsouthflorida.com/waterproofing/waterproofing-in-palm-springs-fl/,"Waterproofing In Palm Springs, FL",text/html; charset=utf-8,FALSE,200,0,https://coastalroofingofsouthflorida.com/wp-content/uploads/2025/10/Whisk_4f6f47dc9dfc1d5b39f43e837439ed97dr.jpeg
https://coastalroofingofsouthflorida.com/blog/wind-mitigation-opening-protection-discounts-west-palm-beach-fl/,Wind Mitigation Opening Protection Discounts In West Palm Beach FL | Coastal Roofing,text/html; charset=utf-8,FALSE,200,0,https://coastalroofingofsouthflorida.com/wp-content/uploads/2026/03/hurricane_windows_shutters_storm-scaled.jpg
https://coastalroofingofsouthflorida.com/blog/how-to-extend-your-roof-s-life-with-timely-repairs-in-west-palm-beach/,How To Extend Your Roof's Life With Timely Repairs In West Palm Beach | Coastal Roofing,text/html; charset=utf-8,FALSE,200,0,https://coastalroofingofsouthflorida.com/wp-content/uploads/2026/03/roofing_professional_inspection-1-scaled.jpg
https://coastalroofingofsouthflorida.com/blog/how-to-get-south-florida-home-insurance-discounts-through-building-code-compliance/,How To Get South Florida Home Insurance Discounts Through Building Code Compliance | Coastal Roofing,text/html; charset=utf-8,FALSE,200,0,https://coastalroofingofsouthflorida.com/wp-content/uploads/2026/03/florida_home_hurricane_resistant_roof-scaled.jpg
https://coastalroofingofsouthflorida.com/blog/thinking-about-diy-roof-repair-in-2026-a-south-florida-homeowners-guide/,Thinking About DIY Roof Repair In 2026? A South Florida Homeowner’s Guide | Coastal Roofing,text/html; charset=utf-8,FALSE,200,0,https://coastalroofingofsouthflorida.com/wp-content/uploads/2025/10/2150530692.jpg
https://coastalroofingofsouthflorida.com/blog/how-much-does-a-roof-replacement-cost-in-south-florida-2026/,How Much Does A Roof Replacement Cost In South Florida 2026 | Coastal Roofing,text/html; charset=utf-8,FALSE,200,0,https://coastalroofingofsouthflorida.com/wp-content/uploads/2026/03/florida-home-new-roof-installation-scaled.jpg
https://coastalroofingofsouthflorida.com/commercial-roof-inspection/commercial-roof-inspection-in-palm-springs-fl/,"Commercial Roof Inspection In Palm Springs, FL",text/html; charset=utf-8,FALSE,200,0,https://coastalroofingofsouthflorida.com/wp-content/uploads/2025/10/ben-kupke-d_N0GHei7UU-unsplash.jpg
https://coastalroofingofsouthflorida.com/storm-damage/storm-damage-repair-in-boynton-beach-fl/,"Storm Damage Repair In Boynton Beach, FL",text/html; charset=utf-8,FALSE,200,0,https://coastalroofingofsouthflorida.com/wp-content/uploads/2025/10/Whisk_4f6f47dc9dfc1d5b39f43e837439ed97dr.jpeg
https://coastalroofingofsouthflorida.com/commercial-roof-inspection/commercial-roof-inspection-in-west-palm-beach-fl/,"Commercial Roof Inspection In West Palm Beach, FL",text/html; charset=utf-8,FALSE,200,0,https://coastalroofingofsouthflorida.com/wp-content/uploads/2025/10/ben-kupke-d_N0GHei7UU-unsplash.jpg
https://coastalroofingofsouthflorida.com/blog/why-certified-tile-roof-installers-matter-for-south-florida-homes/,Why Certified Tile Roof Installers Matter For South Florida Homes | Coastal Roofing,text/html; charset=utf-8,FALSE,200,0,https://coastalroofingofsouthflorida.com/wp-content/uploads/2026/03/roofer_installing_tiles_florida-scaled.jpg
https://coastalroofingofsouthflorida.com/storm-damage/storm-damage-repair-in-palm-beach-gardens-fl/,"Storm Damage Repair In Palm Beach Gardens, FL",text/html; charset=utf-8,FALSE,200,0,https://coastalroofingofsouthflorida.com/wp-content/uploads/2025/10/change.jpeg
https://coastalroofingofsouthflorida.com/roof-leak-detection/roof-leak-detection-in-boca-raton-fl/,"Roof Leak Detection Services In Boca Raton, FL",text/html; charset=utf-8,FALSE,200,0,https://coastalroofingofsouthflorida.com/wp-content/uploads/2025/10/ben-kupke-d_N0GHei7UU-unsplash.jpg
https://coastalroofingofsouthflorida.com/blog/what-is-reflective-roofing-and-how-can-it-save-you-money-in-2026/,What Is Reflective Roofing And How Can It Save You Money In 2026? | Coastal Roofing,text/html; charset=utf-8,FALSE,200,0,https://coastalroofingofsouthflorida.com/wp-content/uploads/2025/11/What-Is-Reflective-Roofing.png
https://coastalroofingofsouthflorida.com/waterproofing/waterproofing-in-west-palm-beach-fl/,Waterproofing West Palm Beach,text/html; charset=utf-8,FALSE,200,0,https://coastalroofingofsouthflorida.com/wp-content/uploads/2025/10/mitchell-luo-Ng4xt7m9bDA-unsplash.jpg
https://coastalroofingofsouthflorida.com/tile-roofing/tile-roofing-in-miami-dade-county-fl/,"Professional Tile Roofing Services In Miami-Dade County, FL",text/html; charset=utf-8,FALSE,200,0,https://coastalroofingofsouthflorida.com/wp-content/uploads/2025/10/wen-wu-koUR9-cY7vM-unsplash.jpg
https://coastalroofingofsouthflorida.com/blog/why-proper-tile-installation-beats-relying-on-underlayment-alone-in-south-florida/,Why Proper Tile Installation Beats Relying On Underlayment Alone In South Florida | Coastal Roofing,text/html; charset=utf-8,FALSE,200,0,https://coastalroofingofsouthflorida.com/wp-content/uploads/2026/03/roofer-installing-clay-tiles-florida-scaled.jpg
https://coastalroofingofsouthflorida.com/blog/composition-roof-pros-and-cons-for-florida-homeowners/,Composition Roof Pros And Cons For Florida Homeowners | Coastal Roofing,text/html; charset=utf-8,FALSE,200,0,https://coastalroofingofsouthflorida.com/wp-content/uploads/2026/01/composition-roof-florida-home-hurricane-protection-3-scaled.jpg
https://coastalroofingofsouthflorida.com/blog/top-4-roof-insulation-myths-busted-for-palm-beach-county-homeowners/,Top 4 Roof Insulation Myths Busted For Palm Beach County Homeowners | Coastal Roofing,text/html; charset=utf-8,FALSE,200,0,https://coastalroofingofsouthflorida.com/wp-content/uploads/2026/03/palm_beach_homes_aerial_view-scaled.jpg
https://coastalroofingofsouthflorida.com/blog/my-safe-florida-home-roofing-contractors-licensed-fl-roofers-directory/,My Safe Florida Home Roofing Contractors - Licensed FL Roofers Directory | Coastal Roofing,text/html; charset=utf-8,FALSE,200,0,https://coastalroofingofsouthflorida.com/wp-content/uploads/2026/01/my-safe-florida-home-licensed-roofing-contractors-directory-florida-3-scaled.jpg
https://coastalroofingofsouthflorida.com/tile-roofing/tile-roofing-in-lake-clarke-shores-fl/,"Tile Roofing In Lake Clarke Shores, FL",text/html; charset=utf-8,FALSE,200,0,https://coastalroofingofsouthflorida.com/wp-content/uploads/2025/10/wen-wu-koUR9-cY7vM-unsplash.jpg
https://coastalroofingofsouthflorida.com/tile-roofing/tile-roofing-in-tequesta-fl/,"Tile Roofing In Tequesta, FL",text/html; charset=utf-8,FALSE,200,0,https://coastalroofingofsouthflorida.com/wp-content/uploads/2025/10/ian-talmacs-72cCSdiVha0-unsplash.jpg
https://coastalroofingofsouthflorida.com/locations/delray-beach-fl/,"Delray Beach, FL",text/html; charset=utf-8,FALSE,200,0,https://coastalroofingofsouthflorida.com/wp-content/uploads/2025/10/bethany-reeves-_brE7lxzqaM-unsplash.jpg
https://coastalroofingofsouthflorida.com/commercial-roof-inspection/commercial-roof-inspection-in-broward-county-fl/,"Commercial Roof Inspection In Broward County, FL",text/html; charset=utf-8,FALSE,200,0,https://coastalroofingofsouthflorida.com/wp-content/uploads/2025/10/ben-kupke-d_N0GHei7UU-unsplash.jpg
https://coastalroofingofsouthflorida.com/metal-roofing/metal-roofing-in-fort-lauderdale-fl/,"Expert Metal Roofing Services In Fort Lauderdale, FL",text/html; charset=utf-8,FALSE,200,0,https://coastalroofingofsouthflorida.com/wp-content/uploads/2025/10/Whisk_ff2be8aebb8f8a6a6544a7c9b7f275dddr.jpeg
https://coastalroofingofsouthflorida.com/shingle-roofing/shingle-roofing-in-south-florida-fl/,"Expert Shingle Roofing Services In South Florida, FL",text/html; charset=utf-8,FALSE,200,0,https://coastalroofingofsouthflorida.com/wp-content/uploads/2025/10/phil-wain-njq0V048KYY-unsplash.jpg
https://coastalroofingofsouthflorida.com/storm-damage/storm-damage-roof-repair-in-jupiter-fl/,"Storm Damage Roof Repair In Jupiter, FL",text/html; charset=utf-8,FALSE,200,0,https://coastalroofingofsouthflorida.com/wp-content/uploads/2025/10/piotr-pienkowski-GdNHcZWt-ls-unsplash.jpg
https://coastalroofingofsouthflorida.com/commercial-roofing/commercial-roofing-in-jupiter-farms-fl/,"Commercial Roofing In Jupiter Farms, FL",text/html; charset=utf-8,FALSE,200,0,https://coastalroofingofsouthflorida.com/wp-content/uploads/2025/10/Whisk_ff2be8aebb8f8a6a6544a7c9b7f275dddr.jpeg
https://coastalroofingofsouthflorida.com/commercial-roof-inspection/commercial-roof-inspection-in-fort-lauderdale-fl/,Commercial Roof Inspection In Fort Lauderdale,text/html; charset=utf-8,FALSE,200,0,https://coastalroofingofsouthflorida.com/wp-content/uploads/2025/10/ben-kupke-d_N0GHei7UU-unsplash.jpg
https://coastalroofingofsouthflorida.com/blog/9-best-roofing-materials-for-2026-in-south-florida-ranked-by-durability-and-cost/,9 Best Roofing Materials For 2026 In South Florida Ranked By Durability And Cost | Coastal Roofing,text/html; charset=utf-8,FALSE,200,0,https://coastalroofingofsouthflorida.com/wp-content/uploads/2026/03/modern_home_roofing_materials-scaled.jpg
https://coastalroofingofsouthflorida.com/blog/case-study-how-coastal-roofing-of-south-florida-saved-armandos-shopping-center-from-a-roofing-disaster/,Case Study How Coastal Roofing Of South Florida Saved Armando's Shopping Center From A Roofing Disaster | Coastal Roofing,text/html; charset=utf-8,FALSE,200,0,https://coastalroofingofsouthflorida.com/wp-content/uploads/2026/03/commercial_shopping_center_new_white_roof-scaled.jpg
https://coastalroofingofsouthflorida.com/waterproofing/waterproofing-in-miami-dade-county-fl/,"Professional Waterproofing Services In Miami-Dade County, FL",text/html; charset=utf-8,FALSE,200,0,https://coastalroofingofsouthflorida.com/wp-content/uploads/2025/10/Whisk_4f6f47dc9dfc1d5b39f43e837439ed97dr.jpeg
https://coastalroofingofsouthflorida.com/shingle-roofing/shingle-roofing-in-loxahatchee-fl/,"Shingle Roofing In Loxahatchee, FL",text/html; charset=utf-8,FALSE,200,0,https://coastalroofingofsouthflorida.com/wp-content/uploads/2025/10/zhisheng-deng-WGVPrRkJ-WY-unsplash.jpg
https://coastalroofingofsouthflorida.com/blog/how-blockchain-technology-is-changing-roofing-warranties-in-2026/,How Blockchain Technology Is Changing Roofing Warranties In 2026 | Coastal Roofing,text/html; charset=utf-8,FALSE,200,0,https://coastalroofingofsouthflorida.com/wp-content/uploads/2025/10/24245604_poly_digital_06-scaled.jpg
https://coastalroofingofsouthflorida.com/commercial-roofing/commercial-roofing-in-delray-beach-fl/,"Commercial Roofing In Delray Beach, FL",text/html; charset=utf-8,FALSE,200,0,https://coastalroofingofsouthflorida.com/wp-content/uploads/2025/10/bethany-reeves-_brE7lxzqaM-unsplash.jpg
https://coastalroofingofsouthflorida.com/storm-damage/storm-damage-repair-in-loxahatchee-fl/,"Storm Damage Repair In Loxahatchee, FL",text/html; charset=utf-8,FALSE,200,0,https://coastalroofingofsouthflorida.com/wp-content/uploads/2025/10/connie-de-vries-N3XEauHA2HA-unsplash.jpg
https://coastalroofingofsouthflorida.com/metal-roofing/metal-roofing-in-palm-beach-county-fl/,"Expert Metal Roofing Services In Palm Beach County, FL",text/html; charset=utf-8,FALSE,200,0,https://coastalroofingofsouthflorida.com/wp-content/uploads/2025/10/sydney-moore-k4RoojcVDzI-unsplash.jpg
https://coastalroofingofsouthflorida.com/shingle-roofing/shingle-roofing-in-west-palm-beach-fl/,"Shingle Roofing In West Palm Beach, FL",text/html; charset=utf-8,FALSE,200,0,https://coastalroofingofsouthflorida.com/wp-content/uploads/2025/10/phil-wain-njq0V048KYY-unsplash.jpg
https://coastalroofingofsouthflorida.com/blog/a-complete-guide-to-cleaning-your-roof-in-2026/,A Complete Guide To Cleaning Your Roof In 2026 | Coastal Roofing,text/html; charset=utf-8,FALSE,200,0,https://coastalroofingofsouthflorida.com/wp-content/uploads/2025/09/The-Truth-About-Roof-Cleaning.png
https://coastalroofingofsouthflorida.com/shingle-roofing/shingle-roofing-in-fort-lauderdale-fl/,"Expert Shingle Roofing Services In Fort Lauderdale, FL",text/html; charset=utf-8,FALSE,200,0,https://coastalroofingofsouthflorida.com/wp-content/uploads/2025/10/zhisheng-deng-WGVPrRkJ-WY-unsplash.jpg
https://coastalroofingofsouthflorida.com/storm-damage/storm-damage-repair-in-lake-clarke-shores-fl/,"Storm Damage Repair In Lake Clarke Shores, FL",text/html; charset=utf-8,FALSE,200,0,https://coastalroofingofsouthflorida.com/wp-content/uploads/2025/10/long-shot-man-with-helmet-sitting-roof-1-scaled.jpg
https://coastalroofingofsouthflorida.com/storm-damage/storm-damage-in-south-florida-fl/,Storm Damage Roof Repair Services In South Florida,text/html; charset=utf-8,FALSE,200,0,https://coastalroofingofsouthflorida.com/wp-content/uploads/2025/10/paddy-pohlod-EhIUYktUunU-unsplash.jpg
https://coastalroofingofsouthflorida.com/blog/florida-roof-replacement-cost-guide-material-prices-installation-factors/,Florida Roof Replacement Cost Guide - Material Prices And Installation Factors | Coastal Roofing,text/html; charset=utf-8,FALSE,200,0,https://coastalroofingofsouthflorida.com/wp-content/uploads/2026/01/florida_home_new_roof_materials-3-scaled.jpg
https://coastalroofingofsouthflorida.com/roof-leak-detection/roof-leak-detection-in-broward-county-fl/,"Roof Leak Detection Services In Broward County, FL",text/html; charset=utf-8,FALSE,200,0,https://coastalroofingofsouthflorida.com/wp-content/uploads/2025/10/ben-kupke-d_N0GHei7UU-unsplash.jpg
https://coastalroofingofsouthflorida.com/blog/why-south-florida-property-managers-should-schedule-regular-roof-inspections/,Why South Florida Property Managers Should Schedule Regular Roof Inspections | Coastal Roofing,text/html; charset=utf-8,FALSE,200,0,https://coastalroofingofsouthflorida.com/wp-content/uploads/2026/03/property-manager-inspecting-commercial-roof-scaled.jpg
https://coastalroofingofsouthflorida.com/roof-replacement/roof-replacement-in-south-florida-fl/,Professional Roof Replacement Services In South Florida Area,text/html; charset=utf-8,FALSE,200,0,https://coastalroofingofsouthflorida.com/wp-content/uploads/2025/10/Whisk_dae632e01b13f01a52d4dba16f26579fdr.jpeg
https://coastalroofingofsouthflorida.com/roof-leak-detection/roof-leak-detection-in-south-florida-fl/,Roof Leak Detection Services In South Florida,text/html; charset=utf-8,FALSE,200,0,https://coastalroofingofsouthflorida.com/wp-content/uploads/2025/10/ben-kupke-d_N0GHei7UU-unsplash.jpg
https://coastalroofingofsouthflorida.com/blog/how-to-prevent-oil-canning-on-metal-roofs-in-south-florida/,How To Prevent Oil Canning On Metal Roofs In South Florida | Coastal Roofing,text/html; charset=utf-8,FALSE,200,0,https://coastalroofingofsouthflorida.com/wp-content/uploads/2026/03/metal-roof-oil-canning-comparison-before-after-scaled.jpg
https://coastalroofingofsouthflorida.com/blog/roof-algae-discoloration-guide-for-south-florida-homeowners/,Roof Algae Discoloration Guide For South Florida Homeowners | Coastal Roofing,text/html; charset=utf-8,FALSE,200,0,https://coastalroofingofsouthflorida.com/wp-content/uploads/2026/03/roof_algae_discoloration_florida-scaled.jpg
https://coastalroofingofsouthflorida.com/metal-roofing/metal-roofing-in-broward-county-fl/,"Expert Metal Roofing Services In Broward County, FL.",text/html; charset=utf-8,FALSE,200,0,https://coastalroofingofsouthflorida.com/wp-content/uploads/2025/10/k8-bWEeIToqM4g-unsplash.jpg
https://coastalroofingofsouthflorida.com/tile-roofing/tile-roofing-in-delray-beach-fl/,"Tile Roofing In Delray Beach, FL",text/html; charset=utf-8,FALSE,200,0,https://coastalroofingofsouthflorida.com/wp-content/uploads/2025/10/phil-wain-njq0V048KYY-unsplash.jpg
https://coastalroofingofsouthflorida.com/blog/raccoons-in-your-attic-signs-removal-and-prevention-guide-for-palm-beach-county/,"Raccoons In Your Attic? Signs, Removal And Prevention Guide For Palm Beach County | Coastal Roofing",text/html; charset=utf-8,FALSE,200,0,https://coastalroofingofsouthflorida.com/wp-content/uploads/2026/03/raccoon_on_roof_night_florida-scaled.jpg
https://coastalroofingofsouthflorida.com/locations/tequesta-fl/,"Roofing Services In Tequesta, FL",text/html; charset=utf-8,FALSE,200,0,https://coastalroofingofsouthflorida.com/wp-content/uploads/2025/10/piotr-pienkowski-GdNHcZWt-ls-unsplash.jpg
https://coastalroofingofsouthflorida.com/shingle-roofing/shingle-roofing-in-jupiter-farms-fl/,"Shingle Roofing In Jupiter Farms, FL",text/html; charset=utf-8,FALSE,200,0,https://coastalroofingofsouthflorida.com/wp-content/uploads/2025/10/lawrence-krowdeed-QwyqnMJC_rc-unsplash-scaled.jpg
https://coastalroofingofsouthflorida.com/blog/hip-roof-wind-mitigation-discount-guide-for-south-florida-homeowners/,Hip Roof Wind Mitigation Discount Guide For South Florida Homeowners | Coastal Roofing,text/html; charset=utf-8,FALSE,200,0,https://coastalroofingofsouthflorida.com/wp-content/uploads/2026/03/hip-roof-home-florida-hurricane-protection-scaled.jpg
https://coastalroofingofsouthflorida.com/roof-replacement/roof-replacement-in-jupiter-farms-fl/,"Roof Replacement In Jupiter Farms, FL",text/html; charset=utf-8,FALSE,200,0,https://coastalroofingofsouthflorida.com/wp-content/uploads/2025/10/Whisk_d4a9201bc077ecaa7a04d7a4f220abf2dr.jpeg
https://coastalroofingofsouthflorida.com/roof-replacement/roof-replacement-in-tequesta-fl/,"Roof Replacement In Tequesta, FL",text/html; charset=utf-8,FALSE,200,0,https://coastalroofingofsouthflorida.com/wp-content/uploads/2025/10/Whisk_6db49cf06e018ad8743438a278a59770dr.jpeg
https://coastalroofingofsouthflorida.com/blog/pros-and-cons-of-metal-roofs-for-homes-in-south-florida-2026/,Pros And Cons Of Metal Roofs For Homes In South Florida 2026 | Coastal Roofing,text/html; charset=utf-8,FALSE,200,0,https://coastalroofingofsouthflorida.com/wp-content/uploads/2026/03/modern_metal_roof_residential_home-scaled.jpg
https://coastalroofingofsouthflorida.com/storm-damage/storm-damage-in-miami-dade-county-fl/,"Storm Damage Repair Services In Miami-Dade County, FL",text/html; charset=utf-8,FALSE,200,0,https://coastalroofingofsouthflorida.com/wp-content/uploads/2025/10/Whisk_4f6f47dc9dfc1d5b39f43e837439ed97dr.jpeg
https://coastalroofingofsouthflorida.com/commercial-roofing/commercial-roofing-in-palm-springs-fl/,"Commercial Roofing In Palm Springs, FL",text/html; charset=utf-8,FALSE,200,0,https://coastalroofingofsouthflorida.com/wp-content/uploads/2025/10/piotr-pienkowski-GdNHcZWt-ls-unsplash.jpg
https://coastalroofingofsouthflorida.com/roof-leak-detection/roof-leak-detection-in-tequesta-fl/,"Roof Leak Detection Services In Tequesta, FL",text/html; charset=utf-8,FALSE,200,0,https://coastalroofingofsouthflorida.com/wp-content/uploads/2025/10/ben-kupke-d_N0GHei7UU-unsplash.jpg
https://coastalroofingofsouthflorida.com/blog/wind-mitigation-inspection-in-south-florida-save-up-to-86-on-insurance/,Wind Mitigation Inspection In South Florida Save Up To 86% On Insurance | Coastal Roofing,text/html; charset=utf-8,FALSE,200,0,https://coastalroofingofsouthflorida.com/wp-content/uploads/2026/03/wind_mitigation_inspector_roof_connections-scaled.jpg
https://coastalroofingofsouthflorida.com/roof-repair/roof-repair-in-royal-palm-beach-fl/,"Roof Repair In Royal Palm Beach, FL",text/html; charset=utf-8,FALSE,200,0,https://coastalroofingofsouthflorida.com/wp-content/uploads/2025/10/Whisk_0495706424b44d587ab4e1d2713e509edr.jpeg
https://coastalroofingofsouthflorida.com/storm-damage/storm-damage-repair-in-wellington-fl/,"Storm Damage Repair In Wellington, FL",text/html; charset=utf-8,FALSE,200,0,https://coastalroofingofsouthflorida.com/wp-content/uploads/2025/10/Whisk_4f6f47dc9dfc1d5b39f43e837439ed97dr.jpeg
https://coastalroofingofsouthflorida.com/shingle-roofing/shingle-roofing-in-royal-palm-beach-fl/,"Shingle Roofing In Royal Palm Beach, FL",text/html; charset=utf-8,FALSE,200,0,https://coastalroofingofsouthflorida.com/wp-content/uploads/2025/10/sydney-moore-k4RoojcVDzI-unsplash.jpg
https://coastalroofingofsouthflorida.com/commercial-roofing/commercial-roofing-in-fort-lauderdale-fl/,"Professional Commercial Roofing Services In Fort Lauderdale, FL",text/html; charset=utf-8,FALSE,200,0,https://coastalroofingofsouthflorida.com/wp-content/uploads/2025/10/Whisk_ff2be8aebb8f8a6a6544a7c9b7f275dddr.jpeg
https://coastalroofingofsouthflorida.com/commercial-roofing/commercial-roofing-in-loxahatchee-fl/,"Commercial Roofing In Loxahatchee, FL",text/html; charset=utf-8,FALSE,200,0,https://coastalroofingofsouthflorida.com/wp-content/uploads/2025/10/Whisk_ff2be8aebb8f8a6a6544a7c9b7f275dddr.jpeg
https://coastalroofingofsouthflorida.com/blog/why-metal-roofing-is-the-smart-choice-for-south-florida-homes/,Why Metal Roofing Is The Smart Choice For South Florida Homes | Coastal Roofing,text/html; charset=utf-8,FALSE,200,0,https://coastalroofingofsouthflorida.com/wp-content/uploads/2026/03/modern-metal-roof-florida-home-scaled.jpg
https://coastalroofingofsouthflorida.com/commercial-roofing/commercial-roofing-in-boynton-beach-fl/,"Commercial Roofing In Boynton Beach, FL",text/html; charset=utf-8,FALSE,200,0,https://coastalroofingofsouthflorida.com/wp-content/uploads/2025/10/ben-kupke-d_N0GHei7UU-unsplash.jpg
https://coastalroofingofsouthflorida.com/commercial-roof-inspection/commercial-roof-inspection-in-palm-beach-gardens-fl/,"Commercial Roof Inspection In Palm Beach Gardens, FL",text/html; charset=utf-8,FALSE,200,0,https://coastalroofingofsouthflorida.com/wp-content/uploads/2025/10/ben-kupke-d_N0GHei7UU-unsplash.jpg
https://coastalroofingofsouthflorida.com/roof-replacement/roof-replacement-in-fort-lauderdale-fl/,"Professional Roof Replacement Services In Fort Lauderdale, FL",text/html; charset=utf-8,FALSE,200,0,https://coastalroofingofsouthflorida.com/wp-content/uploads/2025/10/Whisk_f3007de19de0f67bd8b4850a30aabc45dr.jpeg
https://coastalroofingofsouthflorida.com/tile-roofing/tile-roofing-in-fort-lauderdale-fl/,"Professional Tile Roofing Services In Fort Lauderdale, FL",text/html; charset=utf-8,FALSE,200,0,https://coastalroofingofsouthflorida.com/wp-content/uploads/2025/10/vasilis-caravitis-GUEObLhd8DM-unsplash.jpg
https://coastalroofingofsouthflorida.com/commercial-roof-inspection/commercial-roof-inspection-in-boynton-beach-fl/,"Commercial Roof Inspection In Boynton Beach, FL",text/html; charset=utf-8,FALSE,200,0,https://coastalroofingofsouthflorida.com/wp-content/uploads/2025/10/ben-kupke-d_N0GHei7UU-unsplash.jpg
https://coastalroofingofsouthflorida.com/storm-damage/storm-damage-in-palm-beach-county-fl/,"Storm Damage Roof Repair Services In Palm Beach County, FL",text/html; charset=utf-8,FALSE,200,0,https://coastalroofingofsouthflorida.com/wp-content/uploads/2025/10/change.jpeg
https://coastalroofingofsouthflorida.com/blog/terracotta-roof-cost-florida-pros-cons-price-guide-2026/,"Terracotta Roof Cost Florida - Pros, Cons & Price Guide 2026 | Coastal Roofing",text/html; charset=utf-8,FALSE,200,0,https://coastalroofingofsouthflorida.com/wp-content/uploads/2026/01/terracotta-roof-tiles-florida-home-hurricane-protection-3-scaled.jpg
https://coastalroofingofsouthflorida.com/locations/palm-springs-fl/,"Roofing Services In Palm Springs, FL",text/html; charset=utf-8,FALSE,200,0,https://coastalroofingofsouthflorida.com/wp-content/uploads/2025/10/piotr-pienkowski-GdNHcZWt-ls-unsplash.jpg
https://coastalroofingofsouthflorida.com/roof-leak-detection/roof-leak-detection-in-royal-palm-beach-fl/,"Roof Leak Detection Services In Royal Palm Beach, FL",text/html; charset=utf-8,FALSE,200,0,https://coastalroofingofsouthflorida.com/wp-content/uploads/2025/10/ben-kupke-d_N0GHei7UU-unsplash.jpg
https://coastalroofingofsouthflorida.com/shingle-roofing/shingle-roofing-in-jupiter-fl/,"Shingle Roofing In Jupiter, FL",text/html; charset=utf-8,FALSE,200,0,https://coastalroofingofsouthflorida.com/wp-content/uploads/2025/10/joshua-tsu-EuCvJ_i6QMI-unsplash.jpg
https://coastalroofingofsouthflorida.com/roof-leak-detection/roof-leak-detection-in-lake-clarke-shores-fl/,"Roof Leak Detection Services In Lake Clarke Shores, FL",text/html; charset=utf-8,FALSE,200,0,https://coastalroofingofsouthflorida.com/wp-content/uploads/2025/10/ben-kupke-d_N0GHei7UU-unsplash.jpg
https://coastalroofingofsouthflorida.com/shingle-roofing/shingle-roofing-in-boynton-beach-fl/,"Shingle Roofing In Boynton Beach, FL",text/html; charset=utf-8,FALSE,200,0,https://coastalroofingofsouthflorida.com/wp-content/uploads/2025/10/joshua-tsu-EuCvJ_i6QMI-unsplash.jpg
https://coastalroofingofsouthflorida.com/roof-leak-detection/roof-leak-detection-in-loxahatchee-fl/,"Roof Leak Detection Services In Loxahatchee, FL",text/html; charset=utf-8,FALSE,200,0,https://coastalroofingofsouthflorida.com/wp-content/uploads/2025/10/ben-kupke-d_N0GHei7UU-unsplash.jpg
https://coastalroofingofsouthflorida.com/commercial-roofing/commercial-roofing-in-south-florida-fl/,Professional Commercial Roofing Services In South Florida Area,text/html; charset=utf-8,FALSE,200,0,https://coastalroofingofsouthflorida.com/wp-content/uploads/2025/10/declan-sun-cWx1FKDTA0E-unsplash.jpg
https://coastalroofingofsouthflorida.com/roof-replacement/roof-replacement-in-jupiter-fl/,"Roof Replacement In Jupiter, FL",text/html; charset=utf-8,FALSE,200,0,https://coastalroofingofsouthflorida.com/wp-content/uploads/2025/10/Whisk_bde33949c1803eba9bb40dc7958f5443dr-1.jpeg
https://coastalroofingofsouthflorida.com/blog/what-is-oil-canning-in-metal-roofing-and-how-to-prevent-it-in-south-florida/,What Is Oil Canning In Metal Roofing And How To Prevent It In South Florida | Coastal Roofing,text/html; charset=utf-8,FALSE,200,0,https://coastalroofingofsouthflorida.com/wp-content/uploads/2026/03/metal-roof-oil-canning-waviness-sunlight-scaled.jpg
https://coastalroofingofsouthflorida.com/roof-replacement/roof-replacement-in-west-palm-beach-fl/,"Roof Replacement In West Palm Beach, FL",text/html; charset=utf-8,FALSE,200,0,https://coastalroofingofsouthflorida.com/wp-content/uploads/2025/10/Whisk_dae632e01b13f01a52d4dba16f26579fdr.jpeg
https://coastalroofingofsouthflorida.com/blog/what-does-your-commercial-roof-warranty-cover-in-south-florida/,What Does Your Commercial Roof Warranty Cover In South Florida? | Coastal Roofing,text/html; charset=utf-8,FALSE,200,0,https://coastalroofingofsouthflorida.com/wp-content/uploads/2026/03/commercial_building_flat_roof-1-scaled.jpg
https://coastalroofingofsouthflorida.com/roof-leak-detection/roof-leak-detection-in-miami-dade-county-fl/,"Roof Leak Detection Services In Miami-Dade County, FL",text/html; charset=utf-8,FALSE,200,0,https://coastalroofingofsouthflorida.com/wp-content/uploads/2025/10/ben-kupke-d_N0GHei7UU-unsplash.jpg
https://coastalroofingofsouthflorida.com/commercial-roof-inspection/commercial-roof-inspection-in-wellington-fl/,"Commercial Roof Inspection In Wellington, FL",text/html; charset=utf-8,FALSE,200,0,https://coastalroofingofsouthflorida.com/wp-content/uploads/2025/10/ben-kupke-d_N0GHei7UU-unsplash.jpg
https://coastalroofingofsouthflorida.com/blog/how-modern-technology-is-transforming-roofing-contractors-south-florida-2026/,How Modern Technology Is Transforming Roofing Contractors In South Florida In 2026 | Coastal Roofing,text/html; charset=utf-8,FALSE,200,0,https://coastalroofingofsouthflorida.com/wp-content/uploads/2026/03/modern_roofing_contractor_drone_tablet-scaled.jpg
https://coastalroofingofsouthflorida.com/locations/fort-lauderdale/,"Roofing Services In Fort Lauderdale, FL",text/html; charset=utf-8,FALSE,200,0,https://coastalroofingofsouthflorida.com/wp-content/uploads/2025/10/piotr-pienkowski-GdNHcZWt-ls-unsplash.jpg
https://coastalroofingofsouthflorida.com/commercial-roof-inspection/commercial-roof-inspection-in-south-florida/,Commercial Roof Inspection In South Florida,text/html; charset=utf-8,FALSE,200,0,https://coastalroofingofsouthflorida.com/wp-content/uploads/2025/10/ben-kupke-d_N0GHei7UU-unsplash.jpg
https://coastalroofingofsouthflorida.com/roof-leak-detection/roof-leak-detection-in-palm-beach-gardens-fl/,"Roof Leak Detection Services In Palm Beach Gardens, FL",text/html; charset=utf-8,FALSE,200,0,https://coastalroofingofsouthflorida.com/wp-content/uploads/2025/10/ben-kupke-d_N0GHei7UU-unsplash.jpg
https://coastalroofingofsouthflorida.com/tile-roofing/tile-roofing-in-jupiter-farms-fl/,"Tile Roofing In Jupiter Farms, FL",text/html; charset=utf-8,FALSE,200,0,https://coastalroofingofsouthflorida.com/wp-content/uploads/2025/10/kouji-tsuru-decl_p9La1Y-unsplash.jpg
https://coastalroofingofsouthflorida.com/blog/the-seasonal-roof-maintenance-calendar/,The Seasonal Roof Maintenance Calendar | Coastal Roofing,text/html; charset=utf-8,FALSE,200,0,https://coastalroofingofsouthflorida.com/wp-content/uploads/2026/03/seasonal-roof-maintenance.png
https://coastalroofingofsouthflorida.com/tile-roofing/tile-roofing-in-jupiter-fl/,"Tile Roofing In Jupiter, FL",text/html; charset=utf-8,FALSE,200,0,https://coastalroofingofsouthflorida.com/wp-content/uploads/2025/10/peter-b-meyer-CwrJy6PuJuY-unsplash.jpg
https://coastalroofingofsouthflorida.com/waterproofing/waterproofing-in-broward-county-fl/,"Professional Waterproofing Services In Broward County, FL",text/html; charset=utf-8,FALSE,200,0,https://coastalroofingofsouthflorida.com/wp-content/uploads/2025/10/Whisk_4f6f47dc9dfc1d5b39f43e837439ed97dr.jpeg
https://coastalroofingofsouthflorida.com/blog/floridas-cool-roof-requirements-explained/,Florida’s Cool Roof Requirements Explained | Coastal Roofing,text/html; charset=utf-8,FALSE,200,0,https://coastalroofingofsouthflorida.com/wp-content/uploads/2026/03/Floridas-Cool-Roof-Requirements-Explained.png
https://coastalroofingofsouthflorida.com/blog/asphalt-shingle-roofs-south-florida-complete-guide-pros-cons-costs/,"Asphalt Shingle Roofs In South Florida Complete Guide To Pros, Cons, And Costs | Coastal Roofing",text/html; charset=utf-8,FALSE,200,0,https://coastalroofingofsouthflorida.com/wp-content/uploads/2026/03/florida_home_asphalt_shingle_roof_palm_trees-scaled.jpg
https://coastalroofingofsouthflorida.com/blog/will-your-roof-pass-insurance-inspection-south-florida-2026/,Will Your Roof Pass An Insurance Inspection In South Florida In 2026 | Coastal Roofing,text/html; charset=utf-8,FALSE,200,0,https://coastalroofingofsouthflorida.com/wp-content/uploads/2026/03/insurance_inspector_roof_examination-scaled.jpg
https://coastalroofingofsouthflorida.com/commercial-roofing/commercial-roofing-in-west-palm-beach-fl/,"Commercial Roofing In West Palm Beach, FL",text/html; charset=utf-8,FALSE,200,0,https://coastalroofingofsouthflorida.com/wp-content/uploads/2025/10/declan-sun-cWx1FKDTA0E-unsplash.jpg
https://coastalroofingofsouthflorida.com/roof-replacement/roof-replacement-in-lake-clarke-shores-fl/,"Roof Replacement In Lake Clarke Shores, FL",text/html; charset=utf-8,FALSE,200,0,https://coastalroofingofsouthflorida.com/wp-content/uploads/2025/10/Whisk_4f6f47dc9dfc1d5b39f43e837439ed97dr.jpeg
https://coastalroofingofsouthflorida.com/blog/essential-checklist-for-choosing-the-right-roofing-contractor-in-south-florida/,Essential Checklist For Choosing The Right Roofing Contractor In South Florida | Coastal Roofing,text/html; charset=utf-8,FALSE,200,0,https://coastalroofingofsouthflorida.com/wp-content/uploads/2026/03/roofing_contractor_inspection-scaled.jpg
https://coastalroofingofsouthflorida.com/roof-replacement/roof-replacement-in-loxahatchee/,Roof Replacement In Loxahatchee,text/html; charset=utf-8,FALSE,200,0,https://coastalroofingofsouthflorida.com/wp-content/uploads/2025/10/Whisk_f3007de19de0f67bd8b4850a30aabc45dr.jpeg
https://coastalroofingofsouthflorida.com/blog/should-you-paint-your-roof-shingles-complete-pros-and-cons-guide/,Should You Paint Your Roof Shingles? Complete Pros And Cons Guide | Coastal Roofing,text/html; charset=utf-8,FALSE,200,0,https://coastalroofingofsouthflorida.com/wp-content/uploads/2026/01/homeowner_looking_at_roof-3-scaled.jpg
https://coastalroofingofsouthflorida.com/roof-leak-detection/roof-leak-detection-in-fort-lauderdale-fl/,"Roof Leak Detection Services In Fort Lauderdale, FL",text/html; charset=utf-8,FALSE,200,0,https://coastalroofingofsouthflorida.com/wp-content/uploads/2025/10/ben-kupke-d_N0GHei7UU-unsplash.jpg
https://coastalroofingofsouthflorida.com/blog/how-to-fix-a-leaking-shingle-roof-in-south-florida-in-6-steps/,How To Fix A Leaking Shingle Roof In South Florida In 6 Steps | Coastal Roofing,text/html; charset=utf-8,FALSE,200,0,https://coastalroofingofsouthflorida.com/wp-content/uploads/2026/03/water-stain-on-ceiling-from-roof-leak-scaled.jpg
https://coastalroofingofsouthflorida.com/blog/what-do-south-florida-homeowners-need-to-know-about-emergency-roof-repair/,What Do South Florida Homeowners Need To Know About Emergency Roof Repair? | Coastal Roofing,text/html; charset=utf-8,FALSE,200,0,https://coastalroofingofsouthflorida.com/wp-content/uploads/2026/03/storm_damaged_roof_florida-scaled.jpg
https://coastalroofingofsouthflorida.com/commercial-roof-inspection/commercial-roof-inspection-in-palm-beach-county-fl/,"Commercial Roof Inspection In Palm Beach County, FL",text/html; charset=utf-8,FALSE,200,0,https://coastalroofingofsouthflorida.com/wp-content/uploads/2025/10/ben-kupke-d_N0GHei7UU-unsplash.jpg
https://coastalroofingofsouthflorida.com/blog/how-to-install-gutters-on-a-metal-roof-complete-step-by-step-guide/,How To Install Gutters On A Metal Roof Complete Step-by-Step Guide | Coastal Roofing,text/html; charset=utf-8,FALSE,200,0,https://coastalroofingofsouthflorida.com/wp-content/uploads/2026/01/professional_installing_gutters_metal_roof-3-scaled.jpg
https://coastalroofingofsouthflorida.com/waterproofing/waterproofing-in-boynton-beach-fl/,"Waterproofing In Boynton Beach, FL",text/html; charset=utf-8,FALSE,200,0,https://coastalroofingofsouthflorida.com/wp-content/uploads/2025/10/Whisk_4f6f47dc9dfc1d5b39f43e837439ed97dr.jpeg
https://coastalroofingofsouthflorida.com/blog/florida-pace-program-roof-financing-complete-guide/,Florida PACE Program For Roof Financing Complete Guide | Coastal Roofing,text/html; charset=utf-8,FALSE,200,0,https://coastalroofingofsouthflorida.com/wp-content/uploads/2026/01/florida_homeowner_pace_documents-3-scaled.jpg
https://coastalroofingofsouthflorida.com/shingle-roofing/shingle-roofing-in-boca-raton-fl/,"Shingle Roofing In Boca Raton, FL",text/html; charset=utf-8,FALSE,200,0,https://coastalroofingofsouthflorida.com/wp-content/uploads/2025/10/lukas-patuc-BqhKviHBODM-unsplash.jpg
https://coastalroofingofsouthflorida.com/locations/miami-dade-county/,"Roofing Services In Miami Dade County, FL",text/html; charset=utf-8,FALSE,200,0,https://coastalroofingofsouthflorida.com/wp-content/uploads/2025/10/piotr-pienkowski-GdNHcZWt-ls-unsplash.jpg
https://coastalroofingofsouthflorida.com/blog/south-florida-homeowners-insurance-savings-through-strategic-roof-upgrades/,South Florida Homeowners Insurance Savings Through Strategic Roof Upgrades | Coastal Roofing,text/html; charset=utf-8,FALSE,200,0,https://coastalroofingofsouthflorida.com/wp-content/uploads/2026/03/florida_hurricane_resistant_home-1-scaled.jpg
https://coastalroofingofsouthflorida.com/locations/palm-beach-county/,"Roofing Services In Palm Beach County, FL",text/html; charset=utf-8,FALSE,200,0,https://coastalroofingofsouthflorida.com/wp-content/uploads/2025/10/piotr-pienkowski-GdNHcZWt-ls-unsplash.jpg
https://coastalroofingofsouthflorida.com/commercial-roof-inspection/commercial-roof-inspection-in-boca-raton-fl/,"Commercial Roof Inspection In Boca Raton, FL",text/html; charset=utf-8,FALSE,200,0,https://coastalroofingofsouthflorida.com/wp-content/uploads/2025/10/ben-kupke-d_N0GHei7UU-unsplash.jpg
https://coastalroofingofsouthflorida.com/roof-leak-detection/roof-leak-detection-in-jupiter-farms-fl/,"Roof Leak Detection Services In Jupiter Farms, FL",text/html; charset=utf-8,FALSE,200,0,https://coastalroofingofsouthflorida.com/wp-content/uploads/2025/10/ben-kupke-d_N0GHei7UU-unsplash.jpg
https://coastalroofingofsouthflorida.com/waterproofing/waterproofing-in-delray-beach-fl/,"Waterproofing In Delray Beach, FL",text/html; charset=utf-8,FALSE,200,0,https://coastalroofingofsouthflorida.com/wp-content/uploads/2025/10/sydney-moore-k4RoojcVDzI-unsplash.jpg
https://coastalroofingofsouthflorida.com/commercial-roof-inspection/commercial-roof-inspection-in-royal-palm-beach-fl/,"Commercial Roof Inspection In Royal Palm Beach, FL",text/html; charset=utf-8,FALSE,200,0,https://coastalroofingofsouthflorida.com/wp-content/uploads/2025/10/ben-kupke-d_N0GHei7UU-unsplash.jpg
https://coastalroofingofsouthflorida.com/commercial-roofing/commercial-roofing-in-broward-county-fl/,"Professional Commercial Roofing Services In Broward County, FL",text/html; charset=utf-8,FALSE,200,0,https://coastalroofingofsouthflorida.com/wp-content/uploads/2025/10/ben-kupke-d_N0GHei7UU-unsplash.jpg
https://coastalroofingofsouthflorida.com/waterproofing/waterproofing-in-loxahatchee-fl/,"Waterproofing In Loxahatchee, FL",text/html; charset=utf-8,FALSE,200,0,https://coastalroofingofsouthflorida.com/wp-content/uploads/2025/10/Whisk_4f6f47dc9dfc1d5b39f43e837439ed97dr.jpeg
https://coastalroofingofsouthflorida.com/blog/essential-commercial-roof-maintenance-guide-for-south-florida-property-managers/,Essential Commercial Roof Maintenance Guide For South Florida Property Managers | Coastal Roofing,text/html; charset=utf-8,FALSE,200,0,https://coastalroofingofsouthflorida.com/wp-content/uploads/2026/03/commercial_building_flat_roof-1-scaled.jpg
https://coastalroofingofsouthflorida.com/blog/how-modern-roofing-technology-transforms-commercial-property-management-south-florida/,How Modern Roofing Technology Transforms Commercial Property Management In South Florida | Coastal Roofing,text/html; charset=utf-8,FALSE,200,0,https://coastalroofingofsouthflorida.com/wp-content/uploads/2026/03/modern_roofing_technology_drone-scaled.jpg
https://coastalroofingofsouthflorida.com/blog/what-is-the-history-of-tile-roofs-from-ancient-china-to-modern-south-florida/,What Is The History Of Tile Roofs From Ancient China To Modern South Florida? | Coastal Roofing,text/html; charset=utf-8,FALSE,200,0,https://coastalroofingofsouthflorida.com/wp-content/uploads/2026/03/ancient_chinese_clay_roof_tiles-scaled.jpg
https://coastalroofingofsouthflorida.com/commercial-roofing/commercial-roofing-in-tequesta-fl/,"Commercial Roofing In Tequesta, FL",text/html; charset=utf-8,FALSE,200,0,https://coastalroofingofsouthflorida.com/wp-content/uploads/2025/10/piotr-pienkowski-GdNHcZWt-ls-unsplash.jpg
https://coastalroofingofsouthflorida.com/blog/what-are-floridas-roof-ventilation-code-requirements/,What Are Florida’s Roof Ventilation Code Requirements? | Coastal Roofing,text/html; charset=utf-8,FALSE,200,0,https://coastalroofingofsouthflorida.com/wp-content/uploads/2026/03/What-Are-Floridas-Roof-Ventilation-Code-Requirements.png
https://coastalroofingofsouthflorida.com/commercial-roof-inspection/commercial-roof-inspection-in-tequesta-fl/,"Commercial Roof Inspection In Teuqesta, FL",text/html; charset=utf-8,FALSE,200,0,https://coastalroofingofsouthflorida.com/wp-content/uploads/2025/10/ben-kupke-d_N0GHei7UU-unsplash.jpg
https://coastalroofingofsouthflorida.com/blog/small-home-improvements-that-add-big-value-to-your-west-palm-beach-home/,Small Home Improvements That Add Big Value To Your West Palm Beach Home | Coastal Roofing,text/html; charset=utf-8,FALSE,200,0,https://coastalroofingofsouthflorida.com/wp-content/uploads/2026/03/naples_home_exterior_curb_appeal-scaled.jpg
https://coastalroofingofsouthflorida.com/shingle-roofing/shingle-roofing-in-lake-worth-beach-fl/,"Shingle Roofing In Lake Worth Beach, FL",text/html; charset=utf-8,FALSE,200,0,https://coastalroofingofsouthflorida.com/wp-content/uploads/2025/10/joshua-tsu-EuCvJ_i6QMI-unsplash.jpg
https://coastalroofingofsouthflorida.com/storm-damage/storm-damage-repair-in-delray-beach-fl/,"Storm Damage Repair In Delray Beach, FL",text/html; charset=utf-8,FALSE,200,0,https://coastalroofingofsouthflorida.com/wp-content/uploads/2025/10/ruirui-chang-XUtdoOqi0a4-unsplash.jpg
https://coastalroofingofsouthflorida.com/roof-replacement/roof-replacement-in-miami-dade-county-fl/,"Expert Roof Replacement Services In Miami-Dade County, FL",text/html; charset=utf-8,FALSE,200,0,https://coastalroofingofsouthflorida.com/wp-content/uploads/2025/10/Whisk_4f6f47dc9dfc1d5b39f43e837439ed97dr.jpeg
https://coastalroofingofsouthflorida.com/blog/7-signs-your-shingle-roof-needs-replacement-in-south-florida/,7 Signs Your Shingle Roof Needs Replacement In South Florida | Coastal Roofing,text/html; charset=utf-8,FALSE,200,0,https://coastalroofingofsouthflorida.com/wp-content/uploads/2026/03/damaged_shingle_roof_aerial-scaled.jpg
https://coastalroofingofsouthflorida.com/blog/how-does-florida-wind-mitigation-form-impact-my-safe-florida-home-savings-in-palm-beach-county/,How Does Florida Wind Mitigation Form Impact My Safe Florida Home Savings In Palm Beach County | Coastal Roofing,text/html; charset=utf-8,FALSE,200,0,https://coastalroofingofsouthflorida.com/wp-content/uploads/2026/03/wind_mitigation_inspector-1-scaled.jpg
https://coastalroofingofsouthflorida.com/blog/what-happens-during-a-professional-roof-inspection-in-south-florida/,What Happens During A Professional Roof Inspection In South Florida | Coastal Roofing,text/html; charset=utf-8,FALSE,200,0,https://coastalroofingofsouthflorida.com/wp-content/uploads/2026/03/roof_inspector_safety_equipment-scaled.jpg
https://coastalroofingofsouthflorida.com/metal-roofing/metal-roofing-in-south-florida-fl/,"Expert Metal Roofing Services In South Florida, FL",text/html; charset=utf-8,FALSE,200,0,https://coastalroofingofsouthflorida.com/wp-content/uploads/2025/10/Whisk_dae632e01b13f01a52d4dba16f26579fdr.jpeg
https://coastalroofingofsouthflorida.com/blog/6-home-renovation-myths-that-could-cost-you-thousands-in-south-florida/,6 Home Renovation Myths That Could Cost You Thousands In South Florida | Coastal Roofing,text/html; charset=utf-8,FALSE,200,0,https://coastalroofingofsouthflorida.com/wp-content/uploads/2026/03/homeowner_reviewing_renovation_plans-scaled.jpg
https://coastalroofingofsouthflorida.com/commercial-roof-inspection/commercial-roof-inspection-in-loxahatchee-fl/,"Commercial Roof Inspection In Loxahatchee, FL",text/html; charset=utf-8,FALSE,200,0,https://coastalroofingofsouthflorida.com/wp-content/uploads/2025/10/ben-kupke-d_N0GHei7UU-unsplash.jpg
https://coastalroofingofsouthflorida.com/commercial-roofing/commercial-roofing-in-lake-worth-beach-fl/,"Commercial Roofing In Lake Worth Beach, FL",text/html; charset=utf-8,FALSE,200,0,https://coastalroofingofsouthflorida.com/wp-content/uploads/2025/10/ben-kupke-d_N0GHei7UU-unsplash.jpg
https://coastalroofingofsouthflorida.com/blog/minimum-slope-for-metal-roof-in-florida-complete-2026-code-guide/,Minimum Slope For Metal Roof In Florida: Complete 2026 Code Guide | Coastal Roofing,text/html; charset=utf-8,FALSE,200,0,https://coastalroofingofsouthflorida.com/wp-content/uploads/2026/01/metal-roof-slope-florida-3-scaled.jpg
https://coastalroofingofsouthflorida.com/blog/commercial-roofing-maintenance-programs-for-west-palm-beach-property-managers/,Commercial Roofing Maintenance Programs For West Palm Beach Property Managers | Coastal Roofing,text/html; charset=utf-8,FALSE,200,0,https://coastalroofingofsouthflorida.com/wp-content/uploads/2026/03/commercial-roof-maintenance-naples-property-manager-scaled.jpg
https://coastalroofingofsouthflorida.com/blog/roof-to-wall-connections-save-20-50-percent-south-florida-wind-insurance/,Roof To Wall Connections Save 20-50% On South Florida Wind Insurance | Coastal Roofing,text/html; charset=utf-8,FALSE,200,0,https://coastalroofingofsouthflorida.com/wp-content/uploads/2026/03/hurricane_straps_roof_wall_connection-scaled.jpg
https://coastalroofingofsouthflorida.com/blog/veterans-first-responders-teachers-roofing-discounts-florida/,"Veterans, First Responders & Teachers Roofing Discounts In Florida | Coastal Roofing",text/html; charset=utf-8,FALSE,200,0,https://coastalroofingofsouthflorida.com/wp-content/uploads/2026/01/florida-veterans-first-responders-roofing-discounts-3-scaled.jpg
https://coastalroofingofsouthflorida.com/metal-roofing/metal-roofing-in-lake-worth-beach-fl/,"Metal Roofing In Lake Worth Beach, FL",text/html; charset=utf-8,FALSE,200,0,https://coastalroofingofsouthflorida.com/wp-content/uploads/2025/10/Whisk_dae632e01b13f01a52d4dba16f26579fdr.jpeg
https://coastalroofingofsouthflorida.com/shingle-roofing/shingle-roofing-in-broward-county-fl/,"Expert Shingle Roofing Services In Broward County, FL.",text/html; charset=utf-8,FALSE,200,0,https://coastalroofingofsouthflorida.com/wp-content/uploads/2025/10/lukas-patuc-BqhKviHBODM-unsplash.jpg
https://coastalroofingofsouthflorida.com/storm-damage/storm-damage-repair-in-tequesta-fl/,"Storm Damage Repair In Tequesta, FL",text/html; charset=utf-8,FALSE,200,0,https://coastalroofingofsouthflorida.com/wp-content/uploads/2025/10/airci-k-AlUf1AzV3p8-unsplash.jpg
https://coastalroofingofsouthflorida.com/blog/south-florida-hoa-roofing-reserves-rules-property-managers-must-know-in-2026/,South Florida HOA Roofing Reserves Rules Property Managers Must Know In 2026 | Coastal Roofing,text/html; charset=utf-8,FALSE,200,0,https://coastalroofingofsouthflorida.com/wp-content/uploads/2026/03/modern_florida_condo-scaled.jpg
https://coastalroofingofsouthflorida.com/locations/broward-county/,"Roofing Services In Broward County, FL",text/html; charset=utf-8,FALSE,200,0,https://coastalroofingofsouthflorida.com/wp-content/uploads/2025/10/piotr-pienkowski-GdNHcZWt-ls-unsplash.jpg
https://coastalroofingofsouthflorida.com/roof-leak-detection/roof-leak-detection-in-jupiter-fl/,"Roof Leak Detection Services In Jupiter, FL",text/html; charset=utf-8,FALSE,200,0,https://coastalroofingofsouthflorida.com/wp-content/uploads/2025/10/ben-kupke-d_N0GHei7UU-unsplash.jpg
https://coastalroofingofsouthflorida.com/blog/when-to-replace-your-roof-7-clear-warning-signs-south-florida-homeowners-should-know/,When To Replace Your Roof - 7 Clear Warning Signs South Florida Homeowners Should Know | Coastal Roofing,text/html; charset=utf-8,FALSE,200,0,https://coastalroofingofsouthflorida.com/wp-content/uploads/2026/03/florida_damaged_roof-scaled.jpg
https://coastalroofingofsouthflorida.com/commercial-roof-inspection/commercial-roof-inspection-in-delray-beach-fl/,"Commercial Roof Inspection In Delray Beach, FL",text/html; charset=utf-8,FALSE,200,0,https://coastalroofingofsouthflorida.com/wp-content/uploads/2025/10/ben-kupke-d_N0GHei7UU-unsplash.jpg
https://coastalroofingofsouthflorida.com/blog/are-metal-roofs-safe-from-lightning-strikes-palm-beach-county-roofing-expert-explains/,Are Metal Roofs Safe From Lightning Strikes? Palm Beach County Roofing Expert Explains | Coastal Roofing,text/html; charset=utf-8,FALSE,200,0,https://coastalroofingofsouthflorida.com/wp-content/uploads/2026/03/metal-roof-lightning-protection-florida-home-scaled.jpg
https://coastalroofingofsouthflorida.com/locations/royal-palm-beach-fl/,"Roofing Services In Royal Palm Beach, FL",text/html; charset=utf-8,FALSE,200,0,https://coastalroofingofsouthflorida.com/wp-content/uploads/2025/10/alex-moliski-nJ5K-JJcOjA-unsplash.jpg
https://coastalroofingofsouthflorida.com/metal-roofing/metal-roofing-in-boynton-beach-fl/,"Metal Roofing In Boynton Beach, FL",text/html; charset=utf-8,FALSE,200,0,https://coastalroofingofsouthflorida.com/wp-content/uploads/2025/10/Whisk_dae632e01b13f01a52d4dba16f26579fdr.jpeg
https://coastalroofingofsouthflorida.com/waterproofing/waterproofing-in-royal-palm-beach-fl/,"Waterproofing In Royal Palm Beach, FL",text/html; charset=utf-8,FALSE,200,0,https://coastalroofingofsouthflorida.com/wp-content/uploads/2025/10/Whisk_dae632e01b13f01a52d4dba16f26579fdr.jpeg
https://coastalroofingofsouthflorida.com/blog/is-a-modified-bitumen-roof-right-for-your-florida-home/,Is A Modified Bitumen Roof Right For Your Florida Home? | Coastal Roofing,text/html; charset=utf-8,FALSE,200,0,https://coastalroofingofsouthflorida.com/wp-content/uploads/2026/02/Is-a-Modified-Bitumen-Roof-Right-for-Your-Florida-Home.png
https://coastalroofingofsouthflorida.com/blog/property-managers-guide-hoa-roof-repairs-maintenance-south-florida/,Property Manager's Guide To HOA Roof Repairs And Maintenance In South Florida | Coastal Roofing,text/html; charset=utf-8,FALSE,200,0,https://coastalroofingofsouthflorida.com/wp-content/uploads/2026/03/property-manager-inspecting-hoa-roof-scaled.jpg
https://coastalroofingofsouthflorida.com/blog/how-to-protect-your-roof-from-heavy-rain-damage/,How To Protect Your Roof From Heavy Rain Damage | Coastal Roofing,text/html; charset=utf-8,FALSE,200,0,https://coastalroofingofsouthflorida.com/wp-content/uploads/2026/02/How-to-Protect-Your-Roof-from-Heavy-Rain-Damage.png
https://coastalroofingofsouthflorida.com/storm-damage/storm-damage-repair-in-royal-palm-beach-fl/,"Storm Damage Repair In Royal Palm Beach, FL",text/html; charset=utf-8,FALSE,200,0,https://coastalroofingofsouthflorida.com/wp-content/uploads/2025/10/low-angle-WDy9gJOMqwg-unsplash.jpg
https://coastalroofingofsouthflorida.com/tile-roofing/tile-roofing-in-loxahatchee-fl/,"Tile Roofing In Loxahatchee, FL",text/html; charset=utf-8,FALSE,200,0,https://coastalroofingofsouthflorida.com/wp-content/uploads/2025/10/vasilis-caravitis-GUEObLhd8DM-unsplash.jpg
https://coastalroofingofsouthflorida.com/blog/how-much-does-roof-replacement-cost-in-south-florida-in-2026/,How Much Does Roof Replacement Cost In South Florida In 2026 | Coastal Roofing,text/html; charset=utf-8,FALSE,200,0,https://coastalroofingofsouthflorida.com/wp-content/uploads/2026/03/florida_home_roof_installation-scaled.jpg
https://coastalroofingofsouthflorida.com/locations/loxahatchee-fl/,"Roofing Services In Loxahatchee, FL",text/html; charset=utf-8,FALSE,200,0,https://coastalroofingofsouthflorida.com/wp-content/uploads/2025/10/Whisk_ff2be8aebb8f8a6a6544a7c9b7f275dddr.jpeg
https://coastalroofingofsouthflorida.com/roof-leak-detection/roof-leak-detection-in-wellington-fl/,"Roof Leak Detection Services In Wellington, FL",text/html; charset=utf-8,FALSE,200,0,https://coastalroofingofsouthflorida.com/wp-content/uploads/2025/10/ben-kupke-d_N0GHei7UU-unsplash.jpg
https://coastalroofingofsouthflorida.com/roof-repair/roof-repair-in-delray-beach-fl/,"Roof Repair In Delray Beach, FL",text/html; charset=utf-8,FALSE,200,0,https://coastalroofingofsouthflorida.com/wp-content/uploads/2025/10/Whisk_d4a9201bc077ecaa7a04d7a4f220abf2dr.jpeg
https://coastalroofingofsouthflorida.com/blog/why-choosing-owens-corning-platinum-preferred-contractor-matters-for-your-south-florida-roof/,Why Choosing An Owens Corning Platinum Preferred Contractor Matters For Your South Florida Roof | Coastal Roofing,text/html; charset=utf-8,FALSE,200,0,https://coastalroofingofsouthflorida.com/wp-content/uploads/2026/03/roofer_installing_shingles-scaled.jpg
https://coastalroofingofsouthflorida.com/locations/boca-raton-fl/,"Boca Raton, FL",text/html; charset=utf-8,FALSE,200,0,https://coastalroofingofsouthflorida.com/wp-content/uploads/2025/10/ben-kupke-d_N0GHei7UU-unsplash.jpg
https://coastalroofingofsouthflorida.com/commercial-roofing/commercial-roofing-in-royal-palm-beach-fl/,"Commercial Roofing In Royal Palm Beach, FL",text/html; charset=utf-8,FALSE,200,0,https://coastalroofingofsouthflorida.com/wp-content/uploads/2025/10/alex-moliski-nJ5K-JJcOjA-unsplash.jpg
https://coastalroofingofsouthflorida.com/roof-leak-detection/roof-leak-detection-in-west-palm-beach-fl/,"Roof Leak Detection Services In West Palm Beach, FL",text/html; charset=utf-8,FALSE,200,0,https://coastalroofingofsouthflorida.com/wp-content/uploads/2025/10/ben-kupke-d_N0GHei7UU-unsplash.jpg
https://coastalroofingofsouthflorida.com/blog/what-is-a-desk-adjuster-review-for-a-roof-claim/,What Is A Desk Adjuster Review For A Roof Claim? | Coastal Roofing,text/html; charset=utf-8,FALSE,200,0,https://coastalroofingofsouthflorida.com/wp-content/uploads/2026/03/What-Is-a-Desk-Adjuster-Review-for-a-Roof-Claim.png
https://coastalroofingofsouthflorida.com/roof-leak-detection/roof-leak-detection-in-palm-beach-county-fl/,"Roof Leak Detection Services In Palm Beach County, FL",text/html; charset=utf-8,FALSE,200,0,https://coastalroofingofsouthflorida.com/wp-content/uploads/2025/10/ben-kupke-d_N0GHei7UU-unsplash.jpg
https://coastalroofingofsouthflorida.com/commercial-roof-inspection/commercial-roof-inspection-in-jupiter-fl/,"Commercial Roof Inspection In Jupiter, FL",text/html; charset=utf-8,FALSE,200,0,https://coastalroofingofsouthflorida.com/wp-content/uploads/2025/10/ben-kupke-d_N0GHei7UU-unsplash.jpg
https://coastalroofingofsouthflorida.com/storm-damage/storm-damage-repair-in-jupiter-farms-fl/,"Storm Damage Repair In Jupiter Farms, FL",text/html; charset=utf-8,FALSE,200,0,https://coastalroofingofsouthflorida.com/wp-content/uploads/2025/10/imam-fadly-p2QDjiwRzO4-unsplash.jpg
https://coastalroofingofsouthflorida.com/blog/how-homeowners-insurance-discounts-for-new-roofs-can-save-you-thousands-in-south-florida/,How Homeowners Insurance Discounts For New Roofs Can Save You Thousands In South Florida | Coastal Roofing,text/html; charset=utf-8,FALSE,200,0,https://coastalroofingofsouthflorida.com/wp-content/uploads/2026/03/florida_hurricane_resistant_home-1-scaled.jpg
https://coastalroofingofsouthflorida.com/commercial-roof-inspection/commercial-roof-inspection-in-miami-dade-county-fl/,"Commercial Roof Inspection In Miami Dade County, FL",text/html; charset=utf-8,FALSE,200,0,https://coastalroofingofsouthflorida.com/wp-content/uploads/2025/10/ben-kupke-d_N0GHei7UU-unsplash.jpg
https://coastalroofingofsouthflorida.com/storm-damage/storm-damage-repair-in-lake-worth-beach-fl/,"Storm Damage Repair In Lake Worth Beach, FL",text/html; charset=utf-8,FALSE,200,0,https://coastalroofingofsouthflorida.com/wp-content/uploads/2025/10/Whisk_4f6f47dc9dfc1d5b39f43e837439ed97dr.jpeg
https://coastalroofingofsouthflorida.com/blog/luxury-asphalt-shingles-vs-architectural-shingles-complete-florida-guide/,Luxury Asphalt Shingles Vs Architectural Shingles: Complete Florida Guide | Coastal Roofing,text/html; charset=utf-8,FALSE,200,0,https://coastalroofingofsouthflorida.com/wp-content/uploads/2026/01/luxury-asphalt-shingles-florida-home-hurricane-3-scaled.jpg
https://coastalroofingofsouthflorida.com/blog/is-smart-roof-monitoring-worth-it-for-your-south-florida-home/,Is Smart Roof Monitoring Worth It For Your South Florida Home? | Coastal Roofing,text/html; charset=utf-8,FALSE,200,0,https://coastalroofingofsouthflorida.com/wp-content/uploads/2026/02/Is-Smart-Roof-Monitoring-Worth-It-for-Your-South-Florida-Home.png
https://coastalroofingofsouthflorida.com/waterproofing/waterproofing-in-lake-worth-beach-fl/,"Waterproofing In Lake Worth Beach, FL",text/html; charset=utf-8,FALSE,200,0,https://coastalroofingofsouthflorida.com/wp-content/uploads/2025/10/Whisk_4f6f47dc9dfc1d5b39f43e837439ed97dr.jpeg
https://coastalroofingofsouthflorida.com/storm-damage/storm-damage-repair-in-west-palm-beach-fl/,"Storm Damage Repair In West Palm Beach, FL",text/html; charset=utf-8,FALSE,200,0,https://coastalroofingofsouthflorida.com/wp-content/uploads/2025/10/paddy-pohlod-EhIUYktUunU-unsplash.jpg
https://coastalroofingofsouthflorida.com/roof-leak-detection/roof-leak-detection-in-delray-beach-fl/,"Roof Leak Detection Services In Delray Beach, FL",text/html; charset=utf-8,FALSE,200,0,https://coastalroofingofsouthflorida.com/wp-content/uploads/2025/10/ben-kupke-d_N0GHei7UU-unsplash.jpg
https://coastalroofingofsouthflorida.com/storm-damage/storm-damage-repair-in-palm-springs-fl/,"Storm Damage Repair In Palm Springs, FL",text/html; charset=utf-8,FALSE,200,0,https://coastalroofingofsouthflorida.com/wp-content/uploads/2025/10/Whisk_4f6f47dc9dfc1d5b39f43e837439ed97dr.jpeg
https://coastalroofingofsouthflorida.com/waterproofing/waterproofing-in-jupiter-fl/,"Waterproofing In Jupiter, FL",text/html; charset=utf-8,FALSE,200,0,https://coastalroofingofsouthflorida.com/wp-content/uploads/2025/10/kouji-tsuru-decl_p9La1Y-unsplash.jpg
https://coastalroofingofsouthflorida.com/commercial-roof-inspection/commercial-roof-inspection-in-lake-clarke-shores-fl/,"Commercial Roof Inspection In Lake Clarke Shores, FL",text/html; charset=utf-8,FALSE,200,0,https://coastalroofingofsouthflorida.com/wp-content/uploads/2025/10/ben-kupke-d_N0GHei7UU-unsplash.jpg
https://coastalroofingofsouthflorida.com/blog/what-should-commercial-roof-maintenance-include-in-south-florida-in-2026/,What Should Commercial Roof Maintenance Include In South Florida In 2026 | Coastal Roofing,text/html; charset=utf-8,FALSE,200,0,https://coastalroofingofsouthflorida.com/wp-content/uploads/2026/03/commercial-roof-maintenance-inspection-team-scaled.jpg
https://coastalroofingofsouthflorida.com/blog/flat-roof-installation-cost-in-florida-2026--complete-pricing-guide/,Flat Roof Installation Cost In Florida 2026 - Complete Pricing Guide | Coastal Roofing,text/html; charset=utf-8,FALSE,200,0,https://coastalroofingofsouthflorida.com/wp-content/uploads/2026/01/flat-roof-installation-florida-2026-3-scaled.jpg
https://coastalroofingofsouthflorida.com/roofing/0/,Residential Roofing In South Florida,text/html; charset=utf-8,FALSE,200,0,https://coastalroofingofsouthflorida.com/wp-content/uploads/2025/04/residential-roofs-florida.jpg