URL,Title,Content type,Is rendered page,HTTP status code,Organic traffic,Depth,Meta description,Meta description length,No. of meta descriptions,Is indexable page
https://coastalroofingofsouthflorida.com/blog/metal-roofs-in-florida-complete-guide-pros-cons-costs/,"Metal Roofs In Florida: Complete Guide To Pros, Cons, And Costs | Coastal Roofing",text/html; charset=utf-8,FALSE,200,0,0,"Discover the pros and cons of metal roofs in Florida, including costs, wind resistance, energy savings, and coastal considerations to help you make an informed roofing decision.",177,1,TRUE
https://coastalroofingofsouthflorida.com/blog/leaky-roof/,8 Actions To Take If You Have A Leaky Roof,text/html; charset=utf-8,FALSE,200,0,0,"Finding water dripping from your ceiling or spotting water stains can be alarming. A leaky roof demands immediate attention to prevent extensive damage to your home's structure, belongings, and your family's safety. Whether you're dealing with a small drip or a more significant leak, knowing how to respond quickly can save you thousands of dollars in repairs.",361,1,TRUE
https://coastalroofingofsouthflorida.com/blog/laminated-shingles-vs-regular-shingles-which-is-better-for-florida-homes/,Laminated Shingles Vs Regular Shingles: Which Is Better For Florida Homes | Coastal Roofing,text/html; charset=utf-8,FALSE,200,0,0,"Compare laminated shingles vs regular asphalt shingles for Florida homes, including costs, durability, and hurricane resistance to help you choose the best roofing option.",171,1,TRUE
https://coastalroofingofsouthflorida.com/blog/roof-replacement-cost-florida-2026-complete-pricing-guide-for-homeowners-and-businesses/,Roof Replacement Cost Florida 2026: Complete Pricing Guide For Homeowners And Businesses | Coastal Roofing,text/html; charset=utf-8,FALSE,200,0,0,"Complete 2026 guide to roof replacement costs in Florida covering residential and commercial pricing, material comparisons, and cost factors for informed decision-making.",170,1,TRUE
https://coastalroofingofsouthflorida.com/blog/roof-shingle-types-in-florida-asphalt-vs-synthetic-vs-metal-costs-wind-ratings-best-picks/,"Roof Shingle Types In Florida: Asphalt Vs Synthetic Vs Metal - Costs, Wind Ratings & Best Picks | Coastal Roofing",text/html; charset=utf-8,FALSE,200,0,0,"Compare roof shingle types in Florida including asphalt, synthetic, and metal options with costs, wind ratings, and expert recommendations for hurricane protection.",164,1,TRUE
https://coastalroofingofsouthflorida.com/blog/tile-roof-cost-florida-2026-clay-vs-concrete-pricing-guide/,Tile Roof Cost Florida 2026: Clay Vs Concrete Pricing Guide | Coastal Roofing,text/html; charset=utf-8,FALSE,200,0,0,"Complete 2026 pricing guide for tile roofs in Florida, comparing clay vs concrete costs, installation factors, and popular styles to help homeowners make informed roofing decisions.",181,1,TRUE
https://coastalroofingofsouthflorida.com/blog/hip-roof-vs-gable-roof/,"Hip Roof Vs Gable Roof: Features, Pros & Cons",text/html; charset=utf-8,FALSE,200,0,0,"When it comes to choosing the perfect roof design for your home, two of the most popular contenders are the hip roof and the gable roof. Both roof styles offer unique features, benefits, and challenges that make them suitable for various homes and climates. But how do you decide which one is right for you?",307,1,TRUE
https://coastalroofingofsouthflorida.com/blog/soffit-replacement-cost-florida-complete-2026-guide/,Soffit Replacement Cost In Florida - Complete 2026 Guide | Coastal Roofing,text/html; charset=utf-8,FALSE,200,0,0,"Comprehensive guide to soffit replacement costs in Florida, covering pricing factors, material options, and expert tips to help homeowners make informed decisions about their roofing investments.",195,1,TRUE
https://coastalroofingofsouthflorida.com/blog/clay-vs-concrete-roof-tiles-complete-comparison-guide-florida-homeowners/,Clay Vs Concrete Roof Tiles: Complete Comparison Guide For Florida Homeowners | Coastal Roofing,text/html; charset=utf-8,FALSE,200,0,0,"Compare clay and concrete roof tiles side-by-side covering costs, durability, wind resistance, and longevity to help Florida homeowners choose the best tile roofing material for their home.",189,1,TRUE
https://coastalroofingofsouthflorida.com/blog/metal-roofing-for-flat-roofs-complete-cost-and-installation-guide/,Metal Roofing For Flat Roofs: Complete Cost And Installation Guide | Coastal Roofing,text/html; charset=utf-8,FALSE,200,0,0,"Discover the best metal roofing options for flat roofs, including costs, installation methods, and why metal outperforms traditional flat roofing materials in Florida's challenging climate.",189,1,TRUE
https://coastalroofingofsouthflorida.com/blog/the-definitive-guide-to-metal-roofs-in-florida-from-cost-to-maintenance/,Coastal Roofing: The Ultimate Guide To Metal Roofs In Florida,text/html; charset=utf-8,FALSE,200,0,0,"Explore the benefits of Metal Roofs in Florida. Learn about cost, maintenance, and why they're perfect for South Florida homes. Read the home expert's guide now!",161,1,TRUE
https://coastalroofingofsouthflorida.com/blog/complete-guide-to-roofing-warranties-in-florida-what-s-covered-and-what-voids-them/,Complete Guide To Roofing Warranties In Florida What's Covered And What Voids Them | Coastal Roofing,text/html; charset=utf-8,FALSE,200,0,0,"A comprehensive guide to understanding roofing warranties in Florida, covering types of coverage, what's included and excluded, and how to protect your warranty from being voided.",179,1,TRUE
https://coastalroofingofsouthflorida.com/blog/best-shingle-colors-for-florida-homes-7-top-picks-for-2026/,Best Shingle Colors For Florida Homes: 7 Top Picks For 2026 | Coastal Roofing,text/html; charset=utf-8,FALSE,200,0,0,"Discover the 7 best shingle colors for Florida homes in 2026, including energy-efficient options, HOA-approved choices, and expert tips for matching your home's style.",167,1,TRUE
https://coastalroofingofsouthflorida.com/blog/tile-vs-shingle-roof/,Tile Vs Shingle Roof: Which Is Best For Your Home? | Coastal Roofing,text/html; charset=utf-8,FALSE,200,0,0,"When it comes to choosing a roof for your home, the decision can feel overwhelming. With so many materials and styles available, it’s tough to know what’s right for you. Two of the most popular options are tile and shingle roofs—but which one is the best fit for your home?",273,1,TRUE
https://coastalroofingofsouthflorida.com/blog/different-types-of-roof-tiles-in-florida-complete-guide-with-costs-and-performance/,Different Types Of Roof Tiles In Florida - Complete Guide With Costs And Performance | Coastal Roofing,text/html; charset=utf-8,FALSE,200,0,0,"Comprehensive guide to roof tile options in Florida including concrete, clay, and metal tiles with detailed cost breakdowns, performance ratings, and hurricane resistance information.",183,1,TRUE
https://coastalroofingofsouthflorida.com/blog/best-roof-financing-options-in-florida-compare-rates-and-get-0-apr/,Best Roof Financing Options In Florida - Compare Rates And Get 0% APR | Coastal Roofing,text/html; charset=utf-8,FALSE,200,0,0,"Discover the best roof financing options in Florida with 0% APR deals, compare contractor financing, HELOCs, personal loans, and insurance claims to find affordable monthly payments for your roof replacement.",208,1,TRUE
https://coastalroofingofsouthflorida.com/blog/understanding-tpo-roofing-systems/,Understanding TPO Roofing Systems | Coastal Roofing,text/html; charset=utf-8,FALSE,200,0,0,"TPO is one of the most common flat roofing systems in South Florida. If you own or manage a commercial building with a flat or low-slope roof, here's what you need to know about it before making any decisions.",209,1,TRUE
https://coastalroofingofsouthflorida.com/blog/how-acid-rain-damages-your-south-florida-roof/,How Acid Rain Damages Your South Florida Roof | Coastal Roofing,text/html; charset=utf-8,FALSE,200,0,0,"In South Florida, it’s easy to focus on hurricanes as the main threat to your roof. But there’s another, quieter issue that works year-round. It’s called acid rain. While it doesn’t make headlines, its gradual corrosive effect can wear down your roof, leading to expensive repairs down the line. The good news is that with a little awareness, you can stay ahead of the problem.",377,1,TRUE
https://coastalroofingofsouthflorida.com/blog/how-coastal-fog-affects-your-roofing-materials/,How Coastal Fog Affects Your Roofing Materials | Coastal Roofing,text/html; charset=utf-8,FALSE,200,0,0,"If you live near the coast in South Florida, you know the cool, damp mornings when fog rolls in from the ocean. While it may look peaceful, that fog carries something your roof doesn’t appreciate—salt. Over time, this salty moisture can quietly cause significant damage, often without you realizing it.",302,1,TRUE
https://coastalroofingofsouthflorida.com/blog/anna-maria-island-roofers-expert-storm-damage-repair-roof-replacement/,Anna Maria Island Roofers - Expert Storm Damage Repair & Roof Replacement | Coastal Roofing,text/html; charset=utf-8,FALSE,200,0,0,"Professional Anna Maria Island roofers specializing in hurricane damage repair, roof replacement, and storm restoration with 60+ years experience and 5-star customer reviews.",174,1,TRUE
https://coastalroofingofsouthflorida.com/blog/free-roofing-calculator-estimate-roof-area-materials-costs-online/,"Free Roofing Calculator - Estimate Roof Area, Materials & Costs Online | Coastal Roofing",text/html; charset=utf-8,FALSE,200,0,0,"Use our free roofing calculator to instantly estimate roof area, materials needed, and costs for shingle, metal, tile, and flat roofs with AI-powered measurements.",163,1,TRUE
https://coastalroofingofsouthflorida.com/blog/tile-roof-installation-florida-complete-7-step-professional-guide/,Tile Roof Installation In Florida: Complete 7-Step Professional Guide | Coastal Roofing,text/html; charset=utf-8,FALSE,200,0,0,"A comprehensive guide to tile roof installation in Florida, covering the complete 7-step process, costs, benefits, and why professional installation is essential for hurricane protection.",187,1,TRUE
https://coastalroofingofsouthflorida.com/blog/barrel-tile-roof-costs-pros-and-cons-in-florida/,"Barrel Tile Roof Costs, Pros And Cons In Florida | Coastal Roofing",text/html; charset=utf-8,FALSE,200,0,0,"Complete guide to barrel tile roofing in Florida covering 2026 costs, pros and cons, installation requirements, and comparison with other roofing materials for homeowners.",171,1,TRUE
https://coastalroofingofsouthflorida.com/blog/how-to-clean-a-metal-roof-without-damage-safe-diy-steps-and-tools/,How To Clean A Metal Roof Without Damage: Safe DIY Steps And Tools | Coastal Roofing,text/html; charset=utf-8,FALSE,200,0,0,Learn the safe way to clean your metal roof with proper tools and techniques to avoid damage while maintaining its protective coating and extending its lifespan.,161,1,TRUE
https://coastalroofingofsouthflorida.com/blog/roof-tile-colors/,Choosing The Perfect Roof Tile Colors For Your Home,text/html; charset=utf-8,FALSE,200,0,0,"Your roof is more than just a protective shelter for your home—it’s a major design feature that impacts your curb appeal and personal style. And one of the most critical decisions you’ll make is choosing the right roof tile colors. But how do you ensure your choice is both practical and beautiful? Here, we’ll walk you through everything you need to know, including:",367,1,TRUE
https://coastalroofingofsouthflorida.com/blog/new-construction-roofing-vs-roof-replacement-complete-cost-guide-2026/,New Construction Roofing Vs Roof Replacement: Complete Cost Guide For 2026 | Coastal Roofing,text/html; charset=utf-8,FALSE,200,0,0,"Comprehensive comparison of new construction roofing versus roof replacement costs, processes, and benefits to help homeowners make informed decisions for their roofing projects.",178,1,TRUE
https://coastalroofingofsouthflorida.com/blog/understanding-the-high-velocity-hurricane-zone-for-your-south-florida-roof/,Understanding The High Velocity Hurricane Zone For Your South Florida Roof | Coastal Roofing,text/html; charset=utf-8,FALSE,200,0,0,"If you’re a homeowner in South Florida, you’ve likely heard contractors talk about “HVHZ requirements” for roofing. These aren’t just suggestions; they are mandatory building standards designed to protect your home during a major hurricane. Understanding these rules is the first step toward securing your property and your peace of mind.",338,1,TRUE
https://coastalroofingofsouthflorida.com/blog/understanding-roofing-project-timelines/,Understanding Roofing Project Timelines | Coastal Roofing,text/html; charset=utf-8,FALSE,200,0,0,"A roofing project moves through several stages before a single shingle gets laid. Permits need approval, materials need to be sourced, and crews need to be scheduled.",166,1,TRUE
https://coastalroofingofsouthflorida.com/blog/best-commercial-roofing-materials-for-floridas-climate-and-hurricane-season/,Best Commercial Roofing Materials For Florida's Climate And Hurricane Season | Coastal Roofing,text/html; charset=utf-8,FALSE,200,0,0,"For South Florida commercial buildings, TPO, standing seam metal, and PVC are the most reliable roofing materials. They hold up against heat, UV exposure, heavy rain, and hurricane-force winds. Commercial roof replacement in Florida typically costs between $7 and $15 per square foot.",284,1,TRUE
https://coastalroofingofsouthflorida.com/blog/tpo-vs-epdm-rubber-roofing-2026-complete-florida-comparison-guide/,TPO Vs EPDM Rubber Roofing 2026: Complete Florida Comparison Guide | Coastal Roofing,text/html; charset=utf-8,FALSE,200,1,0,"Compare TPO vs EPDM rubber roofing materials for Florida flat roofs including costs, lifespan, energy efficiency, and installation requirements to make the best choice for your property.",186,1,TRUE
https://coastalroofingofsouthflorida.com/blog/how-to-handle-unexpected-roof-damage/,How To Handle Unexpected Roof Damage | Coastal Roofing,text/html; charset=utf-8,FALSE,200,0,0,"Unexpected roof damage doesn’t wait for a convenient time. At Coastal Roofing of South Florida, we’ve seen firsthand how stressful a sudden leak or storm damage can be for homeowners. While it can feel overwhelming, handling the situation effectively comes down to three simple steps, prioritize safety, document the damage, and call a trusted professional.",357,1,TRUE
https://coastalroofingofsouthflorida.com/blog/what-is-considered-an-old-roof-in-florida-complete-material-guide/,What Is Considered An Old Roof In Florida? Complete Material Guide | Coastal Roofing,text/html; charset=utf-8,FALSE,200,0,0,"Learn when your Florida roof is considered old by insurance companies and material type, plus get expert guidance on replacement timing and insurance implications.",163,1,TRUE
https://coastalroofingofsouthflorida.com/blog/white-roof-shingles-for-florida-homes-complete-pros-and-cons-guide/,White Roof Shingles For Florida Homes: Complete Pros And Cons Guide | Coastal Roofing,text/html; charset=utf-8,FALSE,200,0,0,"Discover the advantages and disadvantages of white roof shingles for Florida homes, including energy efficiency, maintenance requirements, and resale value considerations.",171,1,TRUE
https://coastalroofingofsouthflorida.com/roofing/residential-roofing-in-palm-springs-fl/,"Residential Roofing In Palm Springs, FL",text/html; charset=utf-8,FALSE,200,0,0,"Your home’s roof is a critical line of defense against Florida’s challenging weather, including intense sun, heavy rainfall, and seasonal storms. At Coastal Roofing of South Florida, we provide professional residential roofing services in Palm Springs, FL.",256,1,TRUE
https://coastalroofingofsouthflorida.com/blog/hip-roof-vs-gable-roof-which-is-better-for-florida-hurricanes/,Hip Roof Vs. Gable Roof: Which Is Better For Florida Hurricanes? | Coastal Roofing,text/html; charset=utf-8,FALSE,200,0,0,"As a Florida homeowner, ensuring your home is ready for a hurricane is a top priority. While many factors contribute to a home’s storm resistance, one of the most important is the shape of your roof.",199,1,TRUE
https://coastalroofingofsouthflorida.com/blog/best-flat-roof-materials-florida-commercial-buildings/,Best Flat Roof Materials For Florida Commercial Buildings | Coastal Roofing,text/html; charset=utf-8,FALSE,200,0,0,"Complete comparison of flat roof materials for Florida commercial properties including TPO, EPDM, modified bitumen, and metal roofing with costs, lifespans, and durability ratings.",180,1,TRUE
https://coastalroofingofsouthflorida.com/blog/how-to-check-a-roofers-references-and-hire-with-confidence/,How To Check A Roofer’s References And Hire With Confidence | Coastal Roofing,text/html; charset=utf-8,FALSE,200,0,0,Seeking references is one of the most important steps you can take. They give you a clear picture of what to expect from a roofing contractor after the sales pitch ends.,169,1,TRUE
https://coastalroofingofsouthflorida.com/blog/tile-roof-maintenance-guide-for-florida-homeowners/,Tile Roof Maintenance Guide For Florida Homeowners | Coastal Roofing,text/html; charset=utf-8,FALSE,200,0,0,"A comprehensive guide covering essential tile roof maintenance practices for Florida homeowners, including cleaning schedules, inspection tips, and damage prevention strategies.",177,1,TRUE
https://coastalroofingofsouthflorida.com/blog/best-metal-roof-for-hurricanes-in-florida-wind-ratings-materials-and-installation-guide/,"Best Metal Roof For Hurricanes In Florida: Wind Ratings, Materials And Installation Guide | Coastal Roofing",text/html; charset=utf-8,FALSE,200,0,0,"Complete guide to choosing the best metal roof for hurricane protection in Florida, covering wind ratings, material comparisons, and installation methods for maximum storm resistance.",183,1,TRUE
https://coastalroofingofsouthflorida.com/blog/best-metal-roof-types-for-florida-homes-in-2026/,Best Metal Roof Types For Florida Homes In 2026 | Coastal Roofing,text/html; charset=utf-8,FALSE,200,0,0,"Comprehensive guide to the top 3 metal roof types for Florida homes, including costs, wind ratings, and durability comparisons to help homeowners choose the best hurricane-resistant roofing option.",197,1,TRUE
https://coastalroofingofsouthflorida.com/blog/metal-roof-over-shingles-complete-guide-pros-cons-installation/,"Metal Roof Over Shingles: Complete Guide To Pros, Cons And Installation | Coastal Roofing",text/html; charset=utf-8,FALSE,200,0,0,"A comprehensive guide covering the advantages, disadvantages, costs, and installation process of putting a metal roof over existing shingles, helping homeowners make informed roofing decisions.",193,1,TRUE
https://coastalroofingofsouthflorida.com/blog/gutter-guards-in-florida-are-they-worth-it-for-your-home/,Gutter Guards In Florida Are They Worth It For Your Home? | Coastal Roofing,text/html; charset=utf-8,FALSE,200,0,0,"A comprehensive guide exploring whether gutter guards are worth the investment for Florida homes, covering their benefits in handling heavy rainfall and debris, potential drawbacks, cost considerations, and how to choose the right system for your specific situation.",266,1,TRUE
https://coastalroofingofsouthflorida.com/blog/understanding-and-solving-roof-algae-and-moss-growth/,Understanding And Solving Roof Algae And Moss Growth | Coastal Roofing,text/html; charset=utf-8,FALSE,200,0,0,"Have you noticed dark streaks staining your roof, or perhaps green, fuzzy patches starting to appear? In South Florida, these common sights are more than just a cosmetic issue. They are signs of algae and moss, which can cause real damage to your roof if left unaddressed. Understanding what’s happening on your roof is the first step toward protecting your home.",363,1,TRUE
https://coastalroofingofsouthflorida.com/blog/clay-vs-concrete-roof-tiles/,Clay Vs Concrete Roof Tiles: Pros & Cons Explained,text/html; charset=utf-8,FALSE,200,0,0,"When it comes to roofing, choosing between clay vs concrete roof tiles is a crucial decision for homeowners. Both materials are popular for their durability, aesthetic appeal, and ability to withstand harsh weather conditions. However, each has unique advantages and drawbacks that can make one better suited to your needs than the other. This guide breaks down the key differences to help you decide. Here’s what we’ll cover:",426,1,TRUE
https://coastalroofingofsouthflorida.com/blog/wind-damage-to-roof-shingles-in-florida-expert-repair-guide/,Wind Damage To Roof Shingles In Florida - Expert Repair Guide | Coastal Roofing,text/html; charset=utf-8,FALSE,200,0,0,"Learn how to identify wind damage to roof shingles in Florida, understand insurance coverage, and get expert repair solutions from experienced roofing professionals.",165,1,TRUE
https://coastalroofingofsouthflorida.com/blog/understanding-floridas-25-rule-for-roof-repair-and-replacement-in-2026/,Understanding Florida’s 25% Rule For Roof Repair And Replacement In 2026 | Coastal Roofing,text/html; charset=utf-8,FALSE,200,0,0,"After a storm, you might notice a few damaged shingles on your roof. Or perhaps a roofer mentioned that fixing a small leak will involve a surprisingly large section of your roof. This often leads to the critical question of whether you need a simple repair or a full replacement.",280,1,TRUE
https://coastalroofingofsouthflorida.com/blog/metal-roof-vs-shingles-cost-2026-complete-price-comparison-guide/,Metal Roof Vs Shingles Cost 2026: Complete Price Comparison Guide | Coastal Roofing,text/html; charset=utf-8,FALSE,200,0,0,"Compare metal roof vs shingles costs, including upfront pricing, long-term value, durability, and maintenance to make the best roofing decision for your Florida home.",166,1,TRUE
https://coastalroofingofsouthflorida.com/metal-roofing/metal-roofing-in-tequesta-fl/,"Metal Roofing In Tequesta, FL",text/html; charset=utf-8,FALSE,200,0,0,"Protect your home or business with a long-lasting, energy-efficient metal roof. At Coastal Roofing of South Florida, we provide expert metal roof installation, replacement, and repair services in Tequesta, FL.",209,1,TRUE
https://coastalroofingofsouthflorida.com/blog/flat-roof-drainage/,Flat Roof Drainage: Best Methods For Water Removal,text/html; charset=utf-8,FALSE,200,0,0,"Flat roofs are a popular choice for commercial buildings and modern residential properties, but they come with unique challenges that sloped roofs don't face. The most critical challenge? Proper water management. Without effective flat roof drainage systems, standing water can lead to serious structural damage, leaks, and costly repairs.",339,1,TRUE
https://coastalroofingofsouthflorida.com/blog/chimney-flashing-repair-costs-florida-complete-guide-types-pricing/,Chimney Flashing Repair Costs In Florida: Complete Guide To Types And Pricing | Coastal Roofing,text/html; charset=utf-8,FALSE,200,0,0,"Comprehensive guide to chimney flashing repair costs in Florida, covering different types of repairs, warning signs, and pricing breakdown to help homeowners make informed decisions.",182,1,TRUE
https://coastalroofingofsouthflorida.com/blog/roof-ventilation/,Roof Ventilation: Improve Airflow And Extend Roof Life,text/html; charset=utf-8,FALSE,200,0,0,"Your roof does more than just protect your home from rain and sunlight. It plays a crucial role in maintaining the overall comfort and health of your home. One key aspect often overlooked? Proper roof ventilation. If you’re a homeowner wondering why ventilation matters, what it entails, and how it can benefit you, this is the guide for you.",342,1,TRUE
https://coastalroofingofsouthflorida.com/blog/free-roof-repair-estimate-guide-what-to-expect-from-your-quote/,Free Roof Repair Estimate Guide - What To Expect From Your Quote | Coastal Roofing,text/html; charset=utf-8,FALSE,200,0,0,"A comprehensive guide explaining the roof repair estimate process, what should be included in quotes, and how to compare estimates effectively to make informed roofing decisions.",178,1,TRUE
https://coastalroofingofsouthflorida.com/blog/florida-roof-replacement-costs-2026-complete-pricing-guide/,Florida Roof Replacement Costs 2026: Complete Pricing Guide | Coastal Roofing,text/html; charset=utf-8,FALSE,200,0,0,"Complete 2026 guide to Florida roof replacement costs by material, including asphalt shingles, metal, tile, and flat roofing with local pricing insights and factors affecting your total investment.",197,1,TRUE
https://coastalroofingofsouthflorida.com/blog/why-your-roof-needs-a-permit-and-inspection-in-south-florida/,Why Your Roof Needs A Permit And Inspection In South Florida | Coastal Roofing,text/html; charset=utf-8,FALSE,200,0,0,"You’ve chosen a contractor and are excited about your new roof. But before the first shingle is laid, there’s a crucial step that protects your home and investment: the building permit and inspection process. While it might seem like extra paperwork, understanding why it’s necessary will give you peace of mind.",312,1,TRUE
https://coastalroofingofsouthflorida.com/metal-roofing/metal-roofing-in-west-palm-beach-fl/,"Metal Roofing In West Palm Beach, FL",text/html; charset=utf-8,FALSE,200,0,0,"Protect your home or business with a durable and energy-efficient metal roof. At Coastal Roofing of South Florida, we specialize in metal roof installation, replacement, and repair services in West Palm Beach, FL.",213,1,TRUE
https://coastalroofingofsouthflorida.com/blog/understanding-fastener-systems-for-florida-roofs/,Understanding Fastener Systems For Florida Roofs | Coastal Roofing,text/html; charset=utf-8,FALSE,200,0,0,"Roofing fasteners are the nails, screws, and clips that hold your roofing material to the structure beneath it. In South Florida, choosing the wrong ones puts your roof at risk in a storm and can cause it to fail inspection before a storm ever arrives.",252,1,TRUE
https://coastalroofingofsouthflorida.com/blog/the-ultimate-guide-to-roofing-services-in-boynton-beach-fl-from-repairs-to-full-replacements/,Boynton Beach Roofing Tips: Repairs & Replacements,text/html; charset=utf-8,FALSE,200,0,0,"Discover everything about roofing in Boynton Beach, from repairs to replacements. Learn how to choose the right materials and maintain your roof in South Florida's challenging climate.",184,1,TRUE
https://coastalroofingofsouthflorida.com/blog/5-best-flat-roof-drainage-systems-types-pros-cons-installation-guide/,"5 Best Flat Roof Drainage Systems: Types, Pros, Cons & Installation Guide | Coastal Roofing",text/html; charset=utf-8,FALSE,200,0,0,"Complete guide to flat roof drainage systems including internal drains, scuppers, gutters, siphonic drains, and overflow systems with pros, cons, and installation tips.",168,1,TRUE
https://coastalroofingofsouthflorida.com/blog/roof-types/,5 Common Roof Types Found On Residential Homes,text/html; charset=utf-8,FALSE,200,0,0,"Your roof is more than just a practical necessity. It’s the crown of your home, offering protection, insulation, and even adding to your property's curb appeal. Whether you’re building a new house, replacing an aging roof, or just curious about what’s over your head, understanding the different roof types can be helpful.",322,1,TRUE
https://coastalroofingofsouthflorida.com/blog/galvalume-vs-aluminum-vs-steel-roofing-complete-cost-and-performance-comparison/,Galvalume Vs Aluminum Vs Steel Roofing: Complete Cost And Performance Comparison | Coastal Roofing,text/html; charset=utf-8,FALSE,200,0,0,"Compare Galvalume, aluminum, and steel roofing materials with detailed cost analysis, durability ratings, and performance factors to choose the best metal roof for your home.",174,1,TRUE
https://coastalroofingofsouthflorida.com/blog/how-long-does-it-take-to-replace-a-roof/,How Long Does It Take To Replace A Roof? (Timeline),text/html; charset=utf-8,FALSE,200,0,0,"If you're facing a roof replacement, you're likely wondering, ""How long does it take to replace a roof?"" The answer depends on several factors, including the size of your home, the roofing material used, and even the weather. This guide will walk you through the typical timeline of a roof replacement, the factors that affect the duration, and tips for ensuring the process goes smoothly.",389,1,TRUE
https://coastalroofingofsouthflorida.com/blog/hybrid-tile-roofing-systems-why-foam-and-screws-together-deliver-superior-wind-resistance-in-south-florida/,Hybrid Tile Roofing Systems Why Foam And Screws Together Deliver Superior Wind Resistance In South Florida | Coastal Roofing,text/html; charset=utf-8,FALSE,200,0,0,"Discover how hybrid tile roofing systems combining foam adhesives and mechanical fasteners provide the strongest wind resistance for South Florida homes, offering superior protection against hurricane-force winds in Palm Beach County and coastal areas.",252,1,TRUE
https://coastalroofingofsouthflorida.com/blog/the-truth-about-roof-condensation-in-florida/,The Truth About Roof Condensation In Florida | Coastal Roofing,text/html; charset=utf-8,FALSE,200,0,0,"Have you ever opened your attic on a humid day and felt dampness in the air? Many South Florida homeowners find moisture in their attic and immediately worry about a roof leak. Often, the real culprit is condensation—a common issue that needs attention but is usually fixable.",276,1,TRUE
https://coastalroofingofsouthflorida.com/blog/do-30-year-shingles-really-last-30-years-in-florida-truth-about-roof-warranties/,Do 30-Year Shingles Really Last 30 Years In Florida? The Truth About Roof Warranties | Coastal Roofing,text/html; charset=utf-8,FALSE,200,0,0,"Discover the truth about 30-year shingles and whether they actually last three decades in Florida's harsh climate, plus better alternatives for your roof replacement.",166,1,TRUE
https://coastalroofingofsouthflorida.com/blog/best-flat-roof-materials-for-florida-homes-in-2026/,Best Flat Roof Materials For Florida Homes In 2026 | Coastal Roofing,text/html; charset=utf-8,FALSE,200,0,0,"Compare the top flat roof materials for Florida homes including TPO, modified bitumen, EPDM, and metal roofing with costs, lifespan, and hurricane resistance ratings.",166,1,TRUE
https://coastalroofingofsouthflorida.com/blog/is-self-healing-roofing-right-for-your-south-florida-home/,Is Self-Healing Roofing Right For Your South Florida Home? | Coastal Roofing,text/html; charset=utf-8,FALSE,200,0,0,"The bottom line is that for your South Florida home, proven materials installed by an expert offer better protection and long-term value than emerging technologies. Your focus should be on a storm-ready system that can handle our unique weather. Not sure what materials make sense for your situation? We can help you sort through the options. At Coastal Roofing of South Florida, we work with homeowners to find the right balance of protection, durability, and budget. We’ll explain your choices in plain English and help you make a confident decision. Schedule your free roof inspection today. We’ll check your current roof, discuss your concerns, and recommend materials that work for your home. No pressure, just honest advice from experienced local roofers.",761,1,TRUE
https://coastalroofingofsouthflorida.com/blog/asphalt-shingle-repair-guide-for-florida-homeowners/,Asphalt Shingle Repair Guide For Florida Homeowners | Coastal Roofing,text/html; charset=utf-8,FALSE,200,0,0,"Complete guide to asphalt shingle repair in Florida covering damage assessment, repair costs, DIY vs professional solutions, and when to replace your roof entirely.",164,1,TRUE
https://coastalroofingofsouthflorida.com/blog/roof-trusses/,What Are Roof Trusses? 5 Key Functions & Benefits,text/html; charset=utf-8,FALSE,200,0,0,"When it comes to constructing or renovating a home, the roof is one of the most critical components, and at the heart of its strength and design are roof trusses. But what are roof trusses, and why do they matter so much? If you're a homeowner, understanding roof trusses can help you make informed decisions and appreciate their role in keeping your home safe and beautiful.",375,1,TRUE
https://coastalroofingofsouthflorida.com/blog/flat-roofing-tiles-vs-barrel-tiles-cost-guide-florida-2026/,Flat Roofing Tiles Vs Barrel Tiles Cost Guide Florida 2026 | Coastal Roofing,text/html; charset=utf-8,FALSE,200,1,0,"Complete guide to flat roofing tiles costs in Florida, comparing concrete vs clay materials and flat tiles vs traditional barrel tiles with pricing, benefits, and installation insights.",185,1,TRUE
https://coastalroofingofsouthflorida.com/roof-leak-detection/roof-leak-detection-in-palm-springs-fl/,"Roof Leak Detection Services In Palm Springs, FL",text/html; charset=utf-8,FALSE,200,0,0,Prevent water damage with professional roof leak detection in Palm Springs. Coastal Roofing uses advanced tools to find hidden leaks and keep your desert home dry.,163,1,TRUE
https://coastalroofingofsouthflorida.com/blog/5-common-causes-of-premature-roof-failure-in-south-florida-you-need-to-know/,5 Common Causes Of Premature Roof Failure In South Florida You Need To Know | Coastal Roofing,text/html; charset=utf-8,FALSE,200,0,0,Learn the 5 most common causes of premature roof failure in South Florida and how to prevent costly early roof replacement with proper maintenance and professional installation.,177,1,TRUE
https://coastalroofingofsouthflorida.com/commercial-roof-inspection/commercial-roof-inspection-in-jupiter-farms-fl/,"Commercial Roof Inspection In Jupiter Farms, FL",text/html; charset=utf-8,FALSE,200,0,0,"Coastal Roofing provides expert commercial roof inspections in Jupiter Farms, FL. We identify vulnerabilities to keep your business secure and structurally sound.",162,1,TRUE
https://coastalroofingofsouthflorida.com/blog/should-you-choose-3-tab-or-dimensional-shingles-for-your-florida-home-in-2026/,Should You Choose 3-Tab Or Dimensional Shingles For Your Florida Home In 2026? | Coastal Roofing,text/html; charset=utf-8,FALSE,200,0,0,"Choosing new shingles for your roof can feel overwhelming. You hear terms like “3-tab” and “dimensional,” but it’s hard to know what they mean for your home’s safety and budget. Let’s break down the differences in simple terms so you can choose the best option for your South Florida home with confidence.",305,1,TRUE
https://coastalroofingofsouthflorida.com/blog/how-to-prepare-your-roof-for-storms-in-south-florida-in-2026/,How To Prepare Your Roof For Storms In South Florida In 2026 | Coastal Roofing,text/html; charset=utf-8,FALSE,200,0,0,"A comprehensive guide for South Florida homeowners on preparing their roof for hurricane season, including material-specific tips and professional inspection advice for Palm Beach County residents.",197,1,TRUE
https://coastalroofingofsouthflorida.com/blog/wind-mitigation-opening-protection-discounts-west-palm-beach-fl/,Wind Mitigation Opening Protection Discounts In West Palm Beach FL | Coastal Roofing,text/html; charset=utf-8,FALSE,200,0,0,"Learn how wind mitigation opening protection discounts can reduce your homeowners insurance premiums in West Palm Beach, FL through hurricane-rated windows, doors, and shutters.",177,1,TRUE
https://coastalroofingofsouthflorida.com/locations/wellington-fl/,"Roofing Services In Wellington, FL",text/html; charset=utf-8,FALSE,200,0,0,"When it comes to protecting your business, a strong and reliable roof is essential. At Coastal Roofing of South Florida, we provide professional commercial roofing services in Wellington, FL, designed to deliver long-term performance, energy efficiency, and superior weather protection.",286,1,TRUE
https://coastalroofingofsouthflorida.com/blog/how-to-extend-your-roof-s-life-with-timely-repairs-in-west-palm-beach/,How To Extend Your Roof's Life With Timely Repairs In West Palm Beach | Coastal Roofing,text/html; charset=utf-8,FALSE,200,0,0,"Learn how to identify roof damage signs and extend your roof's lifespan through strategic repairs in West Palm Beach, saving thousands on premature replacement costs.",166,1,TRUE
https://coastalroofingofsouthflorida.com/blog/how-to-get-south-florida-home-insurance-discounts-through-building-code-compliance/,How To Get South Florida Home Insurance Discounts Through Building Code Compliance | Coastal Roofing,text/html; charset=utf-8,FALSE,200,0,0,"Learn how South Florida homeowners can qualify for significant insurance discounts by meeting building code compliance requirements, including roof upgrades and wind mitigation features.",186,1,TRUE
https://coastalroofingofsouthflorida.com/blog/thinking-about-diy-roof-repair-in-2026-a-south-florida-homeowners-guide/,Thinking About DIY Roof Repair In 2026? A South Florida Homeowner’s Guide | Coastal Roofing,text/html; charset=utf-8,FALSE,200,0,0,"After a storm, you spot a few damaged shingles on your roof. Your first thought is likely, “Can I fix this myself and save some money?” It’s a question we hear often from South Florida homeowners. While the answer is sometimes yes, it’s important to know when a DIY approach is safe and when it’s time to call a professional.",325,1,TRUE
https://coastalroofingofsouthflorida.com/blog/how-much-does-a-roof-replacement-cost-in-south-florida-2026/,How Much Does A Roof Replacement Cost In South Florida 2026 | Coastal Roofing,text/html; charset=utf-8,FALSE,200,0,0,"Complete guide to South Florida roof replacement costs in 2026, including average prices by material, factors affecting costs, and when to repair vs replace your roof in Palm Beach County.",188,1,TRUE
https://coastalroofingofsouthflorida.com/commercial-roof-inspection/commercial-roof-inspection-in-palm-springs-fl/,"Commercial Roof Inspection In Palm Springs, FL",text/html; charset=utf-8,FALSE,200,0,0,"Coastal Roofing provides expert commercial roof inspections in Palm Springs, FL. We identify vulnerabilities to keep your business secure and structurally sound.",161,1,TRUE
https://coastalroofingofsouthflorida.com/storm-damage/storm-damage-repair-in-boynton-beach-fl/,"Storm Damage Repair In Boynton Beach, FL",text/html; charset=utf-8,FALSE,200,0,0,"Severe storms can strike unexpectedly, leaving your roof vulnerable to leaks, structural damage, and debris. Coastal Roofing of South Florida offers reliable storm damage repair services",186,1,TRUE
https://coastalroofingofsouthflorida.com/blog/composition-roof-pros-and-cons-for-florida-homeowners/,Composition Roof Pros And Cons For Florida Homeowners | Coastal Roofing,text/html; charset=utf-8,FALSE,200,0,0,"A comprehensive guide to composition roofing in Florida, covering the advantages, disadvantages, costs, and performance of asphalt shingles in the state's challenging climate.",175,1,TRUE
https://coastalroofingofsouthflorida.com/blog/top-4-roof-insulation-myths-busted-for-palm-beach-county-homeowners/,Top 4 Roof Insulation Myths Busted For Palm Beach County Homeowners | Coastal Roofing,text/html; charset=utf-8,FALSE,200,0,0,Discover the truth behind common roof insulation myths and learn why choosing the right insulation type can save energy costs and protect your Palm Beach County home year-round.,177,1,TRUE
https://coastalroofingofsouthflorida.com/blog/my-safe-florida-home-roofing-contractors-licensed-fl-roofers-directory/,My Safe Florida Home Roofing Contractors - Licensed FL Roofers Directory | Coastal Roofing,text/html; charset=utf-8,FALSE,200,0,0,"Find approved My Safe Florida Home roofing contractors in Florida. Get free quotes from licensed roofers, learn about grant eligibility, and strengthen your home against hurricanes.",181,1,TRUE
https://coastalroofingofsouthflorida.com/roof-replacement/roof-replacement-in-boynton-beach-fl/,"Roof Replacement In Boynton Beach, FL",text/html; charset=utf-8,FALSE,200,0,0,"If your roof is showing signs of wear, leaks, or storm damage, timely roof replacement is essential to protect your home or business. At Coastal Roofing of South Florida.",170,1,TRUE
https://coastalroofingofsouthflorida.com/roof-repair/roof-repair-in-jupiter-fl/,"Roof Repair In Jupiter, FL",text/html; charset=utf-8,FALSE,200,0,0,"If your roof has started leaking, missing shingles, or showing signs of storm damage, don’t wait for the problem to get worse. At Coastal Roofing of South Florida.",163,1,TRUE
https://coastalroofingofsouthflorida.com/roof-repair/roof-repair-in-lake-clarke-shores-fl/,"Roof Repair In Lake Clarke Shores, FL",text/html; charset=utf-8,FALSE,200,0,0,"When your roof shows signs of leaks, missing shingles, or storm damage, prompt roof repair is critical to protect your home or business. At Coastal Roofing of South Florida.",173,1,TRUE
https://coastalroofingofsouthflorida.com/commercial-roof-inspection/commercial-roof-inspection-in-broward-county-fl/,"Commercial Roof Inspection In Broward County, FL",text/html; charset=utf-8,FALSE,200,0,0,"Coastal Roofing provides expert commercial roof inspections in Broward County, FL. We identify vulnerabilities to keep your business secure and structurally sound.",163,1,TRUE
https://coastalroofingofsouthflorida.com/blog/9-best-roofing-materials-for-2026-in-south-florida-ranked-by-durability-and-cost/,9 Best Roofing Materials For 2026 In South Florida Ranked By Durability And Cost | Coastal Roofing,text/html; charset=utf-8,FALSE,200,0,0,"Discover the top 9 roofing materials for 2025 in South Florida, ranked by durability, cost, and energy efficiency to help you choose the best option for your Palm Beach County home.",181,1,TRUE
https://coastalroofingofsouthflorida.com/blog/case-study-how-coastal-roofing-of-south-florida-saved-armandos-shopping-center-from-a-roofing-disaster/,Case Study How Coastal Roofing Of South Florida Saved Armando's Shopping Center From A Roofing Disaster | Coastal Roofing,text/html; charset=utf-8,FALSE,200,0,0,"A detailed case study showing how Coastal Roofing of South Florida rescued Armando's Shopping Center from a failed roof installation, replacing it with a durable Duro-Last roofing system.",187,1,TRUE
https://coastalroofingofsouthflorida.com/blog/how-blockchain-technology-is-changing-roofing-warranties-in-2026/,How Blockchain Technology Is Changing Roofing Warranties In 2026 | Coastal Roofing,text/html; charset=utf-8,FALSE,200,0,0,"After a major storm, the last thing you want to worry about is finding your roofing warranty paperwork. You might be digging through files, hoping the documents weren’t lost or damaged.",185,1,TRUE
https://coastalroofingofsouthflorida.com/metal-roofing/metal-roofing-in-palm-beach-county-fl/,"Expert Metal Roofing Services In Palm Beach County, FL",text/html; charset=utf-8,FALSE,200,0,0,Upgrade your Palm Beach County home with durable metal roofing. Our local experts provide high quality installations to keep your Florida property safe and cool.,161,1,TRUE
https://coastalroofingofsouthflorida.com/blog/a-complete-guide-to-cleaning-your-roof-in-2026/,A Complete Guide To Cleaning Your Roof In 2026 | Coastal Roofing,text/html; charset=utf-8,FALSE,200,0,0,"You’ve seen them on your neighbor’s roof, and maybe even your own—those dark streaks that make a home look older than it is. In South Florida’s humid climate, these unsightly stains seem almost inevitable.",205,1,TRUE
https://coastalroofingofsouthflorida.com/shingle-roofing/shingle-roofing-in-fort-lauderdale-fl/,"Expert Shingle Roofing Services In Fort Lauderdale, FL",text/html; charset=utf-8,FALSE,200,0,0,Protect your Fort Lauderdale home with expert shingle roofing. Our local team provides quality craftsmanship to keep your South Florida property safe and secure.,161,1,TRUE
https://coastalroofingofsouthflorida.com/storm-damage/storm-damage-repair-in-lake-clarke-shores-fl/,"Storm Damage Repair In Lake Clarke Shores, FL",text/html; charset=utf-8,FALSE,200,0,0,"Severe weather can strike without warning, leaving your roof and property at risk. Coastal Roofing of South Florida provides fast, reliable storm damage repair services for homeowners and businesses in Lake Clarke Shores",220,1,TRUE
https://coastalroofingofsouthflorida.com/blog/florida-roof-replacement-cost-guide-material-prices-installation-factors/,Florida Roof Replacement Cost Guide - Material Prices And Installation Factors | Coastal Roofing,text/html; charset=utf-8,FALSE,200,0,0,"Complete guide to Florida roof replacement costs by material type, including factors that affect pricing and what homeowners can expect to pay for different roofing options.",173,1,TRUE
https://coastalroofingofsouthflorida.com/blog/why-south-florida-property-managers-should-schedule-regular-roof-inspections/,Why South Florida Property Managers Should Schedule Regular Roof Inspections | Coastal Roofing,text/html; charset=utf-8,FALSE,200,0,0,"Learn why proactive roof inspections are essential for South Florida property managers to prevent costly repairs, extend roof lifespan, and protect their investment properties from water damage in the coastal climate.",217,1,TRUE
https://coastalroofingofsouthflorida.com/blog/how-to-budget-for-tile-roof-repairs-in-south-florida-in-2026/,How To Budget For Tile Roof Repairs In South Florida In 2026 | Coastal Roofing,text/html; charset=utf-8,FALSE,200,0,0,"A comprehensive guide to help South Florida homeowners plan and budget for tile roof repairs, including cost factors, repair scheduling, and maintenance tips to avoid expensive emergency fixes in the coastal climate.",216,1,TRUE
https://coastalroofingofsouthflorida.com/commercial-roofing/commercial-roofing-in-palm-beach-gardens-fl/,"Commercial Roofing In Palm Beach Gardens, FL",text/html; charset=utf-8,FALSE,200,0,0,"A strong and reliable roof is the foundation of any successful business. At Coastal Roofing of South Florida, we specialize in providing high-quality commercial roofing services in Palm Beach Gardens, FL, tailored to the unique needs of local businesses.",254,1,TRUE
https://coastalroofingofsouthflorida.com/blog/how-to-prevent-oil-canning-on-metal-roofs-in-south-florida/,How To Prevent Oil Canning On Metal Roofs In South Florida | Coastal Roofing,text/html; charset=utf-8,FALSE,200,0,0,"Learn proven techniques to prevent oil canning on metal roofs in South Florida including panel selection, installation methods, and material choices that minimize waviness and maintain aesthetic appeal.",202,1,TRUE
https://coastalroofingofsouthflorida.com/blog/types-of-tile-roofs-in-florida-clay-vs-concrete-comparison-guide/,Types Of Tile Roofs In Florida: Clay Vs Concrete Comparison Guide | Coastal Roofing,text/html; charset=utf-8,FALSE,200,0,0,"Comprehensive comparison guide for Florida homeowners choosing between clay and concrete tile roofs, covering durability, costs, styles, hurricane resistance, and long-term value to help make the best roofing investment decision.",229,1,TRUE
https://coastalroofingofsouthflorida.com/blog/roof-algae-discoloration-guide-for-south-florida-homeowners/,Roof Algae Discoloration Guide For South Florida Homeowners | Coastal Roofing,text/html; charset=utf-8,FALSE,200,0,0,"Complete guide to understanding, treating, and preventing roof algae discoloration for South Florida homeowners, including safe cleaning methods and prevention tips.",165,1,TRUE
https://coastalroofingofsouthflorida.com/locations/palm-beach-gardens-fl/,"Roofing Services In Palm Beach Gardens, FL",text/html; charset=utf-8,FALSE,200,0,0,"A strong and reliable roof is the foundation of any successful business. At Coastal Roofing of South Florida, we specialize in providing high-quality commercial roofing services in Palm Beach Gardens, FL, tailored to the unique needs of local businesses.",254,1,TRUE
https://coastalroofingofsouthflorida.com/roof-repair/roof-repair-in-palm-springs-fl/,"Roof Repair In Palm Springs, FL",text/html; charset=utf-8,FALSE,200,0,0,"When your roof shows signs of leaks, missing shingles, or storm damage, prompt roof repair is essential to protect your home or business. At Coastal Roofing of South Florida.",174,1,TRUE
https://coastalroofingofsouthflorida.com/blog/raccoons-in-your-attic-signs-removal-and-prevention-guide-for-palm-beach-county/,"Raccoons In Your Attic? Signs, Removal And Prevention Guide For Palm Beach County | Coastal Roofing",text/html; charset=utf-8,FALSE,200,0,0,"Complete guide to identifying raccoon infestations in Palm Beach County homes, safe removal methods, and proven prevention strategies to protect your roof and attic.",165,1,TRUE
https://coastalroofingofsouthflorida.com/shingle-roofing/shingle-roofing-in-jupiter-farms-fl/,"Shingle Roofing In Jupiter Farms, FL",text/html; charset=utf-8,FALSE,200,0,0,Expert Shingle Roofing Services in Jupiter Farms Ensure your home or business in Jupiter Farms stays protected with top-quality shingle roofing solutions from Coastal Roofing of South Florida.,192,1,TRUE
https://coastalroofingofsouthflorida.com/blog/hip-roof-wind-mitigation-discount-guide-for-south-florida-homeowners/,Hip Roof Wind Mitigation Discount Guide For South Florida Homeowners | Coastal Roofing,text/html; charset=utf-8,FALSE,200,0,0,"Learn how hip roofs qualify for wind mitigation discounts on South Florida homeowners insurance, including qualification requirements and potential savings for Palm Beach County residents.",188,1,TRUE
https://coastalroofingofsouthflorida.com/tile-roofing/tile-roofing-in-broward-county-fl/,"Professional Tile Roofing Services In Broward County, FL",text/html; charset=utf-8,FALSE,200,0,0,Upgrade your Broward County home with durable tile roofing. Our local specialists provide expert installation to protect your property with style and resilience.,161,1,TRUE
https://coastalroofingofsouthflorida.com/blog/pros-and-cons-of-metal-roofs-for-homes-in-south-florida-2026/,Pros And Cons Of Metal Roofs For Homes In South Florida 2026 | Coastal Roofing,text/html; charset=utf-8,FALSE,200,0,0,"A comprehensive guide exploring the advantages and disadvantages of metal roofing for South Florida homeowners, including cost comparisons, lifespan expectations, and performance in coastal climates from Fort Pierce to Boca Raton.",230,1,TRUE
https://coastalroofingofsouthflorida.com/blog/wind-mitigation-inspection-in-south-florida-save-up-to-86-on-insurance/,Wind Mitigation Inspection In South Florida Save Up To 86% On Insurance | Coastal Roofing,text/html; charset=utf-8,FALSE,200,0,0,"A comprehensive guide to wind mitigation inspections in South Florida, explaining how homeowners from West Palm Beach to Boca Raton can save up to 86% on insurance premiums through certified inspections and home strengthening features.",235,1,TRUE
https://coastalroofingofsouthflorida.com/roof-repair/roof-repair-in-palm-beach-gardens-fl/,"Roof Repair In Palm Beach Gardens, FL",text/html; charset=utf-8,FALSE,200,0,0,"Your roof protects your home from Florida’s heat, humidity, and heavy rains — but when it starts showing signs of wear, prompt action is crucial. At Coastal Roofing of South Florida.",182,1,TRUE
https://coastalroofingofsouthflorida.com/storm-damage/storm-damage-repair-in-wellington-fl/,"Storm Damage Repair In Wellington, FL",text/html; charset=utf-8,FALSE,200,0,0,"When storms hit Wellington, the combination of high winds, heavy rain, and flying debris can leave your roof vulnerable to serious damage. At Coastal Roofing of South Florida.",175,1,TRUE
https://coastalroofingofsouthflorida.com/blog/evolution-tile-roofing-installation-south-florida-hurricane-lessons-modern-methods/,The Evolution Of Tile Roofing Installation In South Florida From Hurricane Lessons To Modern Methods | Coastal Roofing,text/html; charset=utf-8,FALSE,200,0,0,Discover how tile roofing installation in South Florida has evolved from 1950s methods through Hurricane Andrew to today's advanced techniques that provide superior wind resistance and longevity.,195,1,TRUE
https://coastalroofingofsouthflorida.com/blog/essential-tile-roof-repair-facts-every-west-palm-beach-homeowner-should-know/,Essential Tile Roof Repair Facts Every West Palm Beach Homeowner Should Know | Coastal Roofing,text/html; charset=utf-8,FALSE,200,0,0,"Discover four crucial facts about tile roof repair in West Palm Beach and South Florida, including optimal timing, cost savings, and how proper maintenance protects your home investment.",186,1,TRUE
https://coastalroofingofsouthflorida.com/roof-replacement/roof-replacement-in-royal-palm-beach-fl/,"Roof Replacement In Royal Palm Beach, FL",text/html; charset=utf-8,FALSE,200,0,0,"If your roof is showing signs of leaks, cracked shingles, or age-related wear, it may be time for a professional roof replacement. At Coastal Roofing of South Florida.",167,1,TRUE
https://coastalroofingofsouthflorida.com/shingle-roofing/shingle-roofing-in-royal-palm-beach-fl/,"Shingle Roofing In Royal Palm Beach, FL",text/html; charset=utf-8,FALSE,200,0,0,"If your roof is showing signs of leaks, cracked shingles, or age-related wear, it may be time for a professional roProtect your home or business in Royal Palm Beach with high-quality shingle roofing solutions from Coastal Roofing of South Florida.of replacement. At Coastal Roofing of South Florida.",299,1,TRUE
https://coastalroofingofsouthflorida.com/blog/why-metal-roofing-is-the-smart-choice-for-south-florida-homes/,Why Metal Roofing Is The Smart Choice For South Florida Homes | Coastal Roofing,text/html; charset=utf-8,FALSE,200,0,0,"Discover why metal roofing offers unmatched durability, energy efficiency, and storm protection for South Florida homeowners, with benefits that last 30-50 years.",162,1,TRUE
https://coastalroofingofsouthflorida.com/blog/what-tile-roof-repair-mistakes-should-you-avoid-expert-tips-from-west-palm-beach-professionals/,What Tile Roof Repair Mistakes Should You Avoid? Expert Tips From West Palm Beach Professionals | Coastal Roofing,text/html; charset=utf-8,FALSE,200,0,0,Learn the critical tile roof repair mistakes that can cost you thousands in West Palm Beach and Palm Beach County. Discover expert tips to protect your investment and ensure lasting repairs in South Florida's coastal climate.,225,1,TRUE
https://coastalroofingofsouthflorida.com/blog/composite-roofing-shingles-complete-guide-pros-cons-costs-florida/,"Composite Roofing Shingles: Complete Guide To Pros, Cons & Costs In Florida | Coastal Roofing",text/html; charset=utf-8,FALSE,200,0,0,"Discover everything about composite roofing shingles for Florida homes, including pros, cons, costs, and how they compare to traditional materials for hurricane protection.",172,1,TRUE
https://coastalroofingofsouthflorida.com/blog/terracotta-roof-cost-florida-pros-cons-price-guide-2026/,"Terracotta Roof Cost Florida - Pros, Cons & Price Guide 2026 | Coastal Roofing",text/html; charset=utf-8,FALSE,200,0,0,"Complete guide to terracotta roof costs in Florida including pros, cons, installation prices per square foot, and hurricane performance for homeowners considering clay tile roofing.",181,1,TRUE
https://coastalroofingofsouthflorida.com/roof-leak-detection/roof-leak-detection-in-lake-clarke-shores-fl/,"Roof Leak Detection Services In Lake Clarke Shores, FL",text/html; charset=utf-8,FALSE,200,0,0,Stop water damage with expert roof leak detection in Lake Clarke Shores. Coastal Roofing uses advanced methods to find hidden leaks and keep your lakeside property watertight.,175,1,TRUE
https://coastalroofingofsouthflorida.com/roof-replacement/roof-replacement-in-jupiter-fl/,"Roof Replacement In Jupiter, FL",text/html; charset=utf-8,FALSE,200,0,0,"If your roof has reached the end of its lifespan or is suffering from leaks and storm damage, Coastal Roofing of South Florida provides dependable and professional roof replacement services in Jupiter, FL.",205,1,TRUE
https://coastalroofingofsouthflorida.com/blog/what-is-oil-canning-in-metal-roofing-and-how-to-prevent-it-in-south-florida/,What Is Oil Canning In Metal Roofing And How To Prevent It In South Florida | Coastal Roofing,text/html; charset=utf-8,FALSE,200,0,0,"Learn what oil canning is in metal roofing, why it happens, and discover proven methods to prevent this common aesthetic issue during installation in South Florida's coastal climate.",182,1,TRUE
https://coastalroofingofsouthflorida.com/blog/what-does-your-commercial-roof-warranty-cover-in-south-florida/,What Does Your Commercial Roof Warranty Cover In South Florida? | Coastal Roofing,text/html; charset=utf-8,FALSE,200,0,0,"A comprehensive guide explaining the three types of commercial roof warranties, what each covers, and the owner responsibilities needed to maintain warranty protection for your roofing investment in South Florida's coastal climate.",231,1,TRUE
https://coastalroofingofsouthflorida.com/blog/transform-your-south-florida-homes-exterior-with-natural-materials-for-lasting-beauty/,Transform Your South Florida Home's Exterior With Natural Materials For Lasting Beauty | Coastal Roofing,text/html; charset=utf-8,FALSE,200,0,0,"Discover how natural exterior materials like clay tiles, native plants, and sustainable siding can enhance your South Florida home's beauty while providing energy efficiency and environmental benefits for coastal properties.",224,1,TRUE
https://coastalroofingofsouthflorida.com/storm-damage/storm-damage-in-broward-county-fl/,"Storm Damage Roof Repair Services In Broward County, FL",text/html; charset=utf-8,FALSE,200,0,0,Recover from storm damage with expert roofing services in Broward County. Our local team provides reliable repairs to protect your home from South Florida weather.,163,1,TRUE
https://coastalroofingofsouthflorida.com/blog/when-should-you-replace-your-tile-roof-5-key-signs-to-watch-for-in-south-florida/,When Should You Replace Your Tile Roof? 5 Key Signs To Watch For In South Florida | Coastal Roofing,text/html; charset=utf-8,FALSE,200,0,0,"Learn the 5 essential warning signs that indicate when your tile roof needs replacement versus simple repairs in South Florida, including age factors, leak patterns, and structural damage indicators for Palm Beach County homeowners.",232,1,TRUE
https://coastalroofingofsouthflorida.com/blog/a-florida-homeowners-guide-to-epdm-rubber-roofing-in-2026/,A Florida Homeowner’s Guide To EPDM Rubber Roofing In 2026 | Coastal Roofing,text/html; charset=utf-8,FALSE,200,0,0,"If you have a flat or low-slope roof on your South Florida home, you may have heard about EPDM rubber roofing. It is a popular and reliable option, but you need to know if it’s the right fit for your property. This guide will walk you through the essential information to help you make a confident decision.",307,1,TRUE
https://coastalroofingofsouthflorida.com/blog/how-modern-technology-is-transforming-roofing-contractors-south-florida-2026/,How Modern Technology Is Transforming Roofing Contractors In South Florida In 2026 | Coastal Roofing,text/html; charset=utf-8,FALSE,200,0,0,"Discover how cutting-edge technology like smart roofs, drone inspections, and thermal imaging is revolutionizing the roofing industry in South Florida and improving contractor efficiency.",187,1,TRUE
https://coastalroofingofsouthflorida.com/blog/why-do-tile-roofs-fail-and-how-can-you-prevent-it-in-south-florida/,Why Do Tile Roofs Fail And How Can You Prevent It In South Florida | Coastal Roofing,text/html; charset=utf-8,FALSE,200,0,0,Discover the main reasons tile roofs fail and learn proven prevention strategies to protect your South Florida home from costly repairs and extend your roof's lifespan.,168,1,TRUE
https://coastalroofingofsouthflorida.com/blog/floridas-cool-roof-requirements-explained/,Florida’s Cool Roof Requirements Explained | Coastal Roofing,text/html; charset=utf-8,FALSE,200,0,0,"If you’re replacing your roof in South Florida, you’ve likely heard the term “cool roof.” Whether your contractor mentioned it or you saw it on your building permit, it’s a term worth understanding. A cool roof can impact your home’s comfort, your energy bills, and your compliance with state building codes.",308,1,TRUE
https://coastalroofingofsouthflorida.com/blog/asphalt-shingle-roofs-south-florida-complete-guide-pros-cons-costs/,"Asphalt Shingle Roofs In South Florida Complete Guide To Pros, Cons, And Costs | Coastal Roofing",text/html; charset=utf-8,FALSE,200,0,0,"A comprehensive guide covering the advantages, disadvantages, and costs of asphalt shingle roofs specifically for South Florida homeowners, including wind ratings and climate considerations.",190,1,TRUE
https://coastalroofingofsouthflorida.com/blog/will-your-roof-pass-insurance-inspection-south-florida-2026/,Will Your Roof Pass An Insurance Inspection In South Florida In 2026 | Coastal Roofing,text/html; charset=utf-8,FALSE,200,0,0,Learn what insurance companies look for during roof inspections in South Florida and discover the key factors that determine whether your roof will pass or fail in 2026.,169,1,TRUE
https://coastalroofingofsouthflorida.com/roof-replacement/roof-replacement-in-lake-clarke-shores-fl/,"Roof Replacement In Lake Clarke Shores, FL",text/html; charset=utf-8,FALSE,200,0,0,"When your roof shows signs of wear, leaks, or storm damage, a timely roof replacement can protect your property and enhance its value. At Coastal Roofing of South Florida.",171,1,TRUE
https://coastalroofingofsouthflorida.com/blog/essential-checklist-for-choosing-the-right-roofing-contractor-in-south-florida/,Essential Checklist For Choosing The Right Roofing Contractor In South Florida | Coastal Roofing,text/html; charset=utf-8,FALSE,200,0,0,"A comprehensive guide to help South Florida homeowners identify trustworthy roofing contractors through essential criteria including licensing, local experience with coastal conditions, reviews, and warranty options to avoid costly mistakes.",241,1,TRUE
https://coastalroofingofsouthflorida.com/roof-replacement/roof-replacement-in-loxahatchee/,Roof Replacement In Loxahatchee,text/html; charset=utf-8,FALSE,200,0,0,"Your roof protects your home from Florida’s sun, rain, and storms — but over time, even the strongest roofs wear down. When that happens, Coastal Roofing of South Florida is your trusted partner for roof replacement in Loxahatchee, FL.",235,1,TRUE
https://coastalroofingofsouthflorida.com/blog/how-to-fix-a-leaking-shingle-roof-in-south-florida-in-6-steps/,How To Fix A Leaking Shingle Roof In South Florida In 6 Steps | Coastal Roofing,text/html; charset=utf-8,FALSE,200,0,0,"A comprehensive guide showing South Florida homeowners how to safely identify, locate, and repair shingle roof leaks using proven DIY methods and when to call professionals in Palm Beach County.",194,1,TRUE
https://coastalroofingofsouthflorida.com/blog/what-do-south-florida-homeowners-need-to-know-about-emergency-roof-repair/,What Do South Florida Homeowners Need To Know About Emergency Roof Repair? | Coastal Roofing,text/html; charset=utf-8,FALSE,200,0,0,"A comprehensive guide covering emergency roof repair essentials for South Florida homeowners, including damage identification, immediate response steps, and professional repair services in Palm Beach County.",207,1,TRUE
https://coastalroofingofsouthflorida.com/blog/metal-roofs-that-look-like-tile-vs-clay-tiles-florida-comparison-guide/,Metal Roofs That Look Like Tile Vs Clay Tiles: Florida Comparison Guide | Coastal Roofing,text/html; charset=utf-8,FALSE,200,0,0,"Compare metal roofs that look like tile versus traditional clay tiles for Florida homes, including costs, durability, wind resistance, and installation benefits to help you choose the right roofing material.",207,1,TRUE
https://coastalroofingofsouthflorida.com/commercial-roof-inspection/commercial-roof-inspection-in-palm-beach-county-fl/,"Commercial Roof Inspection In Palm Beach County, FL",text/html; charset=utf-8,FALSE,200,0,0,"Coastal Roofing provides expert commercial roof inspections in Palm Beach County, FL. We identify vulnerabilities to keep your business secure and structurally sound.",166,1,TRUE
https://coastalroofingofsouthflorida.com/commercial-roofing/commercial-roofing-in-wellington-fl/,"Commercial Roofing In Wellington, FL",text/html; charset=utf-8,FALSE,200,0,0,"When it comes to protecting your business, a strong and reliable roof is essential. At Coastal Roofing of South Florida, we provide professional commercial roofing services in Wellington, FL, designed to deliver long-term performance, energy efficiency, and superior weather protection.",286,1,TRUE
https://coastalroofingofsouthflorida.com/blog/how-to-install-gutters-on-a-metal-roof-complete-step-by-step-guide/,How To Install Gutters On A Metal Roof Complete Step-by-Step Guide | Coastal Roofing,text/html; charset=utf-8,FALSE,200,0,0,"A comprehensive guide showing homeowners how to properly install gutters on metal roofs, covering planning, materials selection, step-by-step installation process, and maintenance tips for long-lasting protection.",213,1,TRUE
https://coastalroofingofsouthflorida.com/blog/what-are-tas-testing-standards-for-florida-roofs-in-2026/,What Are TAS Testing Standards For Florida Roofs In 2026? | Coastal Roofing,text/html; charset=utf-8,FALSE,200,0,0,"When getting quotes for a new roof, you might hear a contractor mention “TAS-approved materials.” Or perhaps an insurance adjuster asks if your roof meets TAS standards after a storm. If you’re wondering what this technical term means for your home, you’re not alone.",267,1,TRUE
https://coastalroofingofsouthflorida.com/roof-replacement/roof-replacement-in-palm-springs-fl/,"Roof Replacement In Palm Springs, FL",text/html; charset=utf-8,FALSE,200,0,0,"If your roof is showing signs of wear, leaks, or storm damage, timely roof replacement is essential to protect your home or business. At Coastal Roofing of South Florida.",170,1,TRUE
https://coastalroofingofsouthflorida.com/roof-repair/roof-repair-in-west-palm-beach-fl/,"Roof Repair In West Palm Beach, FL",text/html; charset=utf-8,FALSE,200,0,0,"When your roof starts showing signs of leaks, cracks, or wear, quick and professional repairs can save you from major expenses down the line. At Coastal Roofing of South Florida.",178,1,TRUE
https://coastalroofingofsouthflorida.com/blog/south-florida-homeowners-insurance-savings-through-strategic-roof-upgrades/,South Florida Homeowners Insurance Savings Through Strategic Roof Upgrades | Coastal Roofing,text/html; charset=utf-8,FALSE,200,0,0,Discover how South Florida homeowners from West Palm Beach to Boca Raton can reduce insurance premiums by 3% to 55% through wind mitigation roof upgrades and strategic home hardening improvements.,196,1,TRUE
https://coastalroofingofsouthflorida.com/blog/how-trees-can-affect-your-roofs-health/,How Trees Can Affect Your Roof’s Health | Coastal Roofing,text/html; charset=utf-8,FALSE,200,0,0,"Trees bring welcome shade and beauty to your South Florida home, but they can also cause damage to your roof that may lead to expensive repairs. Living in our region means beautiful, year-round tree growth, but it also means dealing with tropical storms and strong winds. This combination creates challenges for your roof.",322,1,TRUE
https://coastalroofingofsouthflorida.com/blog/essential-commercial-roof-maintenance-guide-for-south-florida-property-managers/,Essential Commercial Roof Maintenance Guide For South Florida Property Managers | Coastal Roofing,text/html; charset=utf-8,FALSE,200,0,0,"A comprehensive guide for South Florida property managers on maintaining commercial roofs through regular inspections, preventive care, and timely repairs to avoid costly damage and extend roof lifespan in coastal environments.",227,1,TRUE
https://coastalroofingofsouthflorida.com/blog/how-modern-roofing-technology-transforms-commercial-property-management-south-florida/,How Modern Roofing Technology Transforms Commercial Property Management In South Florida | Coastal Roofing,text/html; charset=utf-8,FALSE,200,0,0,"Discover how cutting-edge roofing technology including drone inspections, smart materials, and advanced software solutions help South Florida commercial property managers reduce costs and extend roof longevity.",210,1,TRUE
https://coastalroofingofsouthflorida.com/blog/what-is-the-history-of-tile-roofs-from-ancient-china-to-modern-south-florida/,What Is The History Of Tile Roofs From Ancient China To Modern South Florida? | Coastal Roofing,text/html; charset=utf-8,FALSE,200,0,0,"Explore the fascinating 12,000-year journey of tile roofing from ancient China to modern South Florida, including why installation methods determine whether your tile roof lasts 30 or 100+ years.",195,1,TRUE
https://coastalroofingofsouthflorida.com/blog/what-are-floridas-roof-ventilation-code-requirements/,What Are Florida’s Roof Ventilation Code Requirements? | Coastal Roofing,text/html; charset=utf-8,FALSE,200,0,0,"If you’ve ever felt a blast of heat when opening your attic hatch on a summer day, you’ve experienced the effects of a poorly ventilated roof. In South Florida, this is more than a comfort issue. Trapped heat and moisture can quietly damage your roof structure, increase your energy bills, and lead to expensive moisture problems.",330,1,TRUE
https://coastalroofingofsouthflorida.com/blog/small-home-improvements-that-add-big-value-to-your-west-palm-beach-home/,Small Home Improvements That Add Big Value To Your West Palm Beach Home | Coastal Roofing,text/html; charset=utf-8,FALSE,200,0,0,"Discover affordable home improvements under $1,000 that can boost your West Palm Beach home's value and curb appeal, from simple painting projects to strategic landscaping updates.",180,1,TRUE
https://coastalroofingofsouthflorida.com/storm-damage/storm-damage-repair-in-delray-beach-fl/,"Storm Damage Repair In Delray Beach, FL",text/html; charset=utf-8,FALSE,200,0,0,"When storms roll through Delray Beach, your roof takes the brunt of Florida’s harsh weather — from heavy rain and gusty winds to flying debris. At Coastal Roofing of South Florida",179,1,TRUE
https://coastalroofingofsouthflorida.com/blog/7-signs-your-shingle-roof-needs-replacement-in-south-florida/,7 Signs Your Shingle Roof Needs Replacement In South Florida | Coastal Roofing,text/html; charset=utf-8,FALSE,200,0,0,"Learn the key warning signs that indicate your South Florida shingle roof needs replacement, from curling shingles to missing granules, and when to call professionals in Palm Beach County.",188,1,TRUE
https://coastalroofingofsouthflorida.com/blog/how-does-florida-wind-mitigation-form-impact-my-safe-florida-home-savings-in-palm-beach-county/,How Does Florida Wind Mitigation Form Impact My Safe Florida Home Savings In Palm Beach County | Coastal Roofing,text/html; charset=utf-8,FALSE,200,0,0,Learn how Florida's wind mitigation form directly impacts your My Safe Florida Home program benefits in Palm Beach County and discover the seven key inspection areas that can save you up to $900 annually on insurance premiums.,226,1,TRUE
https://coastalroofingofsouthflorida.com/blog/what-happens-during-a-professional-roof-inspection-in-south-florida/,What Happens During A Professional Roof Inspection In South Florida | Coastal Roofing,text/html; charset=utf-8,FALSE,200,0,0,"A comprehensive guide explaining the step-by-step process of professional roof inspections in South Florida, what inspectors look for, and why regular inspections are essential for protecting your home from coastal weather conditions.",234,1,TRUE
https://coastalroofingofsouthflorida.com/blog/6-home-renovation-myths-that-could-cost-you-thousands-in-south-florida/,6 Home Renovation Myths That Could Cost You Thousands In South Florida | Coastal Roofing,text/html; charset=utf-8,FALSE,200,0,0,Discover the truth behind common home renovation myths that lead to costly mistakes and learn how to avoid expensive pitfalls in your next South Florida project.,161,1,TRUE
https://coastalroofingofsouthflorida.com/blog/why-proper-flashing-installation-prevents-costly-tile-roof-damage-in-south-florida/,Why Proper Flashing Installation Prevents Costly Tile Roof Damage In South Florida | Coastal Roofing,text/html; charset=utf-8,FALSE,200,0,0,"Learn how proper flashing installation protects your tile roof from water damage in South Florida's challenging climate, extends its lifespan, and prevents costly repairs through expert techniques and quality materials.",219,1,TRUE
https://coastalroofingofsouthflorida.com/roof-replacement/roof-replacement-in-lake-worth-beach-fl/,"Roof Replacement In Lake Worth Beach, FL",text/html; charset=utf-8,FALSE,200,0,0,"If your roof is showing signs of wear, leaks, or storm damage, timely roof replacement is essential to protect your home or business. At Coastal Roofing of South Florida.",170,1,TRUE
https://coastalroofingofsouthflorida.com/blog/minimum-slope-for-metal-roof-in-florida-complete-2026-code-guide/,Minimum Slope For Metal Roof In Florida: Complete 2026 Code Guide | Coastal Roofing,text/html; charset=utf-8,FALSE,200,0,0,"A comprehensive guide to minimum slope requirements for metal roofs in Florida, covering building code standards, system types, and solutions for low-slope installations.",170,1,TRUE
https://coastalroofingofsouthflorida.com/blog/commercial-roofing-maintenance-programs-for-west-palm-beach-property-managers/,Commercial Roofing Maintenance Programs For West Palm Beach Property Managers | Coastal Roofing,text/html; charset=utf-8,FALSE,200,0,0,"A comprehensive guide to commercial roofing maintenance programs specifically designed for West Palm Beach property managers, covering essential services, local challenges, and key features to look for in a roofing contractor.",226,1,TRUE
https://coastalroofingofsouthflorida.com/blog/5-essential-tile-roofing-questions-every-south-florida-homeowner-should-ask/,5 Essential Tile Roofing Questions Every South Florida Homeowner Should Ask | Coastal Roofing,text/html; charset=utf-8,FALSE,200,0,0,"Get answers to the top 5 tile roofing questions South Florida homeowners ask about installation, maintenance, durability, and hurricane resistance for informed roofing decisions.",178,1,TRUE
https://coastalroofingofsouthflorida.com/blog/roof-to-wall-connections-save-20-50-percent-south-florida-wind-insurance/,Roof To Wall Connections Save 20-50% On South Florida Wind Insurance | Coastal Roofing,text/html; charset=utf-8,FALSE,200,0,0,Learn how proper roof-to-wall connections can save South Florida homeowners 20-50% on wind insurance through state-mandated wind mitigation discounts and hurricane protection.,175,1,TRUE
https://coastalroofingofsouthflorida.com/blog/veterans-first-responders-teachers-roofing-discounts-florida/,"Veterans, First Responders & Teachers Roofing Discounts In Florida | Coastal Roofing",text/html; charset=utf-8,FALSE,200,0,0,"Exclusive roofing discounts for veterans, first responders, teachers, and seniors in Florida with specific discount percentages, eligibility requirements, and step-by-step claim process.",186,1,TRUE
https://coastalroofingofsouthflorida.com/blog/parts-of-a-roof/,Parts Of A Roof: 11 Key Components Of Your Home's Roof,text/html; charset=utf-8,FALSE,200,0,0,"Your roof does more than just protect your home from the elements. It works as a vital system, ensuring your house stays structurally sound and safe for years to come. Understanding the key parts of a roof can help you maintain its durability and address potential issues before they become costly repairs.",306,1,TRUE
https://coastalroofingofsouthflorida.com/blog/south-florida-hoa-roofing-reserves-rules-property-managers-must-know-in-2026/,South Florida HOA Roofing Reserves Rules Property Managers Must Know In 2026 | Coastal Roofing,text/html; charset=utf-8,FALSE,200,0,0,"Essential guide for South Florida property managers on Florida's updated HOA roofing reserve requirements, DCRA regulations, and compliance strategies to avoid costly surprises.",177,1,TRUE
https://coastalroofingofsouthflorida.com/blog/complete-tile-roof-maintenance-guide-for-south-florida-homeowners/,Complete Tile Roof Maintenance Guide For South Florida Homeowners | Coastal Roofing,text/html; charset=utf-8,FALSE,200,0,0,"A comprehensive guide covering essential tile roof maintenance practices, inspection tips, and professional care strategies for South Florida homeowners to maximize their roof's lifespan and protect their investment.",216,1,TRUE
https://coastalroofingofsouthflorida.com/roof-replacement/roof-replacement-in-palm-beach-gardens-fl/,"Roof Replacement In Palm Beach Gardens, FL",text/html; charset=utf-8,FALSE,200,0,0,"When your roof begins to show signs of aging, leaks, or storm wear, it’s important to act quickly to protect your home or business. At Coastal Roofing of South Florida.",168,1,TRUE
https://coastalroofingofsouthflorida.com/blog/when-to-replace-your-roof-7-clear-warning-signs-south-florida-homeowners-should-know/,When To Replace Your Roof - 7 Clear Warning Signs South Florida Homeowners Should Know | Coastal Roofing,text/html; charset=utf-8,FALSE,200,0,0,"Learn the 7 key warning signs that indicate your South Florida roof needs replacement, from missing shingles to energy bill spikes, plus expert tips on determining your roof's age and when repairs aren't enough.",211,1,TRUE
https://coastalroofingofsouthflorida.com/commercial-roof-inspection/commercial-roof-inspection-in-delray-beach-fl/,"Commercial Roof Inspection In Delray Beach, FL",text/html; charset=utf-8,FALSE,200,0,0,"Coastal Roofing provides expert commercial roof inspections in Delray Beach, FL. We identify vulnerabilities to keep your business secure and structurally sound.",161,1,TRUE
https://coastalroofingofsouthflorida.com/blog/are-metal-roofs-safe-from-lightning-strikes-palm-beach-county-roofing-expert-explains/,Are Metal Roofs Safe From Lightning Strikes? Palm Beach County Roofing Expert Explains | Coastal Roofing,text/html; charset=utf-8,FALSE,200,0,0,"Discover why metal roofs are actually safer during lightning strikes, with expert insights from Palm Beach County roofing professionals and scientific evidence debunking common myths.",183,1,TRUE
https://coastalroofingofsouthflorida.com/blog/roof-framing/,Roof Framing Explained: How Your Roof Is Built,text/html; charset=utf-8,FALSE,200,0,0,"Your roof is one of the most critical elements of your home. But have you ever wondered what goes into creating the structure that protects you from the elements? Roof framing is the foundation of any roof, and understanding the process can help you appreciate the craftsmanship behind your home's protective covering.",318,1,TRUE
https://coastalroofingofsouthflorida.com/blog/is-a-modified-bitumen-roof-right-for-your-florida-home/,Is A Modified Bitumen Roof Right For Your Florida Home? | Coastal Roofing,text/html; charset=utf-8,FALSE,200,0,0,"Choosing a new flat roof in South Florida can be confusing with so many options available. You may have heard of modified bitumen roofing, but wonder if it can handle our intense sun and heavy rain. That’s an important question. Florida’s climate tests roofing materials in unique ways. This guide will walk you through what you need to know about modified bitumen, helping you make a confident decision for your property.",422,1,TRUE
https://coastalroofingofsouthflorida.com/blog/why-tile-roofing-is-the-smart-investment-for-south-florida-homeowners-in-2026/,Why Tile Roofing Is The Smart Investment For South Florida Homeowners In 2026 | Coastal Roofing,text/html; charset=utf-8,FALSE,200,0,0,"Discover why tile roofing offers superior durability, energy efficiency, and wind resistance for South Florida homes, making it the smartest long-term investment for coastal homeowners in Palm Beach County.",206,1,TRUE
https://coastalroofingofsouthflorida.com/blog/property-managers-guide-hoa-roof-repairs-maintenance-south-florida/,Property Manager's Guide To HOA Roof Repairs And Maintenance In South Florida | Coastal Roofing,text/html; charset=utf-8,FALSE,200,0,0,"A comprehensive guide for property managers handling HOA roof repairs in South Florida, covering proactive maintenance, hurricane damage assessment, reserve funding, and Florida statute requirements specific to coastal communities.",231,1,TRUE
https://coastalroofingofsouthflorida.com/blog/how-to-protect-your-roof-from-heavy-rain-damage/,How To Protect Your Roof From Heavy Rain Damage | Coastal Roofing,text/html; charset=utf-8,FALSE,200,0,0,"After a heavy rainstorm, the last thing you want to find is a new water stain on your ceiling or hear the steady drip of a leak in your attic. While concerning, these signs don’t mean your roof is destroyed. They’re simply clues that rain has found a pre-existing weakness.",273,1,TRUE
https://coastalroofingofsouthflorida.com/storm-damage/storm-damage-repair-in-royal-palm-beach-fl/,"Storm Damage Repair In Royal Palm Beach, FL",text/html; charset=utf-8,FALSE,200,0,0,"When a powerful Florida storm hits Royal Palm Beach, your roof often takes the worst of it — from heavy winds to pounding rain and flying debris. At Coastal Roofing of South Florida",181,1,TRUE
https://coastalroofingofsouthflorida.com/blog/how-much-does-roof-replacement-cost-in-south-florida-in-2026/,How Much Does Roof Replacement Cost In South Florida In 2026 | Coastal Roofing,text/html; charset=utf-8,FALSE,200,0,0,"Complete guide to South Florida roof replacement costs in 2026, including material-specific pricing, cost factors, and expert tips for homeowners in Palm Beach County and surrounding coastal areas planning their roofing project.",228,1,TRUE
https://coastalroofingofsouthflorida.com/tile-roofing/tile-roofing-in-south-florida-fl/,Professional Tile Roofing Services In South Florida Area,text/html; charset=utf-8,FALSE,200,0,0,Upgrade your South Florida home with elegant and durable tile roofing. Our expert team provides quality local craftsmanship to keep your property beautiful and secure.,167,1,TRUE
https://coastalroofingofsouthflorida.com/blog/why-choosing-owens-corning-platinum-preferred-contractor-matters-for-your-south-florida-roof/,Why Choosing An Owens Corning Platinum Preferred Contractor Matters For Your South Florida Roof | Coastal Roofing,text/html; charset=utf-8,FALSE,200,0,0,"Learn why selecting an Owens Corning Platinum Preferred Contractor in South Florida ensures superior workmanship, comprehensive warranties, and peace of mind for your roofing project.",183,1,TRUE
https://coastalroofingofsouthflorida.com/blog/what-is-a-desk-adjuster-review-for-a-roof-claim/,What Is A Desk Adjuster Review For A Roof Claim? | Coastal Roofing,text/html; charset=utf-8,FALSE,200,0,0,"After a South Florida storm passes, the relief you feel can quickly turn to confusion when it’s time to file a roof insurance claim. The process is filled with unfamiliar terms, and one that often catches homeowners off guard is “desk adjuster.” Understanding what a desk adjuster does and how they impact your claim is crucial for ensuring you get a fair settlement.",367,1,TRUE
https://coastalroofingofsouthflorida.com/blog/how-homeowners-insurance-discounts-for-new-roofs-can-save-you-thousands-in-south-florida/,How Homeowners Insurance Discounts For New Roofs Can Save You Thousands In South Florida | Coastal Roofing,text/html; charset=utf-8,FALSE,200,0,0,Learn how South Florida homeowners can save up to 30-70% on wind insurance premiums through certified wind mitigation inspections and hurricane-resistant roof features.,168,1,TRUE
https://coastalroofingofsouthflorida.com/commercial-roof-inspection/commercial-roof-inspection-in-miami-dade-county-fl/,"Commercial Roof Inspection In Miami Dade County, FL",text/html; charset=utf-8,FALSE,200,0,0,"Coastal Roofing provides expert commercial roof inspections in Miami Dade County, FL. We identify vulnerabilities to keep your business secure and structurally sound.",166,1,TRUE
https://coastalroofingofsouthflorida.com/storm-damage/storm-damage-repair-in-lake-worth-beach-fl/,"Storm Damage Repair In Lake Worth Beach, FL",text/html; charset=utf-8,FALSE,200,0,0,"Severe storms can strike unexpectedly, leaving your roof vulnerable to leaks, structural damage, and debris. Coastal Roofing of South Florida offers reliable storm damage repair services",186,1,TRUE
https://coastalroofingofsouthflorida.com/blog/is-smart-roof-monitoring-worth-it-for-your-south-florida-home/,Is Smart Roof Monitoring Worth It For Your South Florida Home? | Coastal Roofing,text/html; charset=utf-8,FALSE,200,0,0,"For most homeowners, the roof is out of sight and out of mind. This changes when a problem like a leaky roof or a missing shingle appears. By the time you notice these signs, the damage has often been quietly spreading for weeks or even months.",244,1,TRUE
https://coastalroofingofsouthflorida.com/storm-damage/storm-damage-repair-in-west-palm-beach-fl/,"Storm Damage Repair In West Palm Beach, FL",text/html; charset=utf-8,FALSE,200,0,0,"Severe weather in West Palm Beach can strike at any time — leaving your roof vulnerable to leaks, missing shingles, or structural damage. At Coastal Roofing of South Florida",173,1,TRUE
https://coastalroofingofsouthflorida.com/storm-damage/storm-damage-repair-in-palm-springs-fl/,"Storm Damage Repair In Palm Springs, FL",text/html; charset=utf-8,FALSE,200,0,0,"Severe storms can strike unexpectedly, leaving your roof vulnerable to leaks, structural damage, and debris. Coastal Roofing of South Florida offers reliable storm damage repair services",186,1,TRUE
https://coastalroofingofsouthflorida.com/blog/what-should-commercial-roof-maintenance-include-in-south-florida-in-2026/,What Should Commercial Roof Maintenance Include In South Florida In 2026 | Coastal Roofing,text/html; charset=utf-8,FALSE,200,0,0,"A comprehensive guide to essential commercial roof maintenance components for South Florida businesses, including inspections, routine care, repairs, and record-keeping to protect your building investment and prevent costly damage in coastal environments.",255,1,TRUE