URL,Post ID,Old length,New length,Old meta description,New meta description
https://coastalroofingofsouthflorida.com/blog/metal-roofs-in-florida-complete-guide-pros-cons-costs/,5358,177,152,"Discover the pros and cons of metal roofs in Florida, including costs, wind resistance, energy savings, and coastal considerations to help you make an informed roofing decision.","Explore the pros and cons of metal roofs in Florida, from costs and energy savings to wind resistance, so you can choose the right roof with confidence."
https://coastalroofingofsouthflorida.com/blog/leaky-roof/,2820,361,149,"Finding water dripping from your ceiling or spotting water stains can be alarming. A leaky roof demands immediate attention to prevent extensive damage to your home's structure, belongings, and your family's safety. Whether you're dealing with a small drip or a more significant leak, knowing how to respond quickly can save you thousands of dollars in repairs.","Got a leaky roof? Follow 8 simple steps to stop the damage, protect your home, and avoid costly repairs before a small drip turns into a big problem."
https://coastalroofingofsouthflorida.com/blog/laminated-shingles-vs-regular-shingles-which-is-better-for-florida-homes/,5295,171,143,"Compare laminated shingles vs regular asphalt shingles for Florida homes, including costs, durability, and hurricane resistance to help you choose the best roofing option.","Laminated vs regular asphalt shingles for Florida homes: compare cost, durability, and hurricane resistance to pick the best fit for your roof."
https://coastalroofingofsouthflorida.com/blog/roof-replacement-cost-florida-2026-complete-pricing-guide-for-homeowners-and-businesses/,5234,170,143,"Complete 2026 guide to roof replacement costs in Florida covering residential and commercial pricing, material comparisons, and cost factors for informed decision-making.","See 2026 roof replacement costs in Florida for homes and businesses, with material comparisons and the key factors that shape your final price."
https://coastalroofingofsouthflorida.com/blog/roof-shingle-types-in-florida-asphalt-vs-synthetic-vs-metal-costs-wind-ratings-best-picks/,5286,164,144,"Compare roof shingle types in Florida including asphalt, synthetic, and metal options with costs, wind ratings, and expert recommendations for hurricane protection.","Compare asphalt, synthetic, and metal shingles for Florida roofs, including costs, wind ratings, and expert picks for real hurricane protection."
https://coastalroofingofsouthflorida.com/blog/tile-roof-cost-florida-2026-clay-vs-concrete-pricing-guide/,5780,181,142,"Complete 2026 pricing guide for tile roofs in Florida, comparing clay vs concrete costs, installation factors, and popular styles to help homeowners make informed roofing decisions.","Compare 2026 clay vs concrete tile roof costs in Florida, plus installation factors and popular styles to help you choose the right tile roof."
https://coastalroofingofsouthflorida.com/blog/hip-roof-vs-gable-roof/,2707,307,140,"When it comes to choosing the perfect roof design for your home, two of the most popular contenders are the hip roof and the gable roof. Both roof styles offer unique features, benefits, and challenges that make them suitable for various homes and climates. But how do you decide which one is right for you?","Hip roof vs gable roof: compare the features, pros, and cons of each style so you can pick the best fit for your home and Florida's climate."
https://coastalroofingofsouthflorida.com/blog/soffit-replacement-cost-florida-complete-2026-guide/,5182,195,143,"Comprehensive guide to soffit replacement costs in Florida, covering pricing factors, material options, and expert tips to help homeowners make informed decisions about their roofing investments.","See what soffit replacement costs in Florida in 2026, including pricing factors, material options, and tips to help you budget with confidence."
https://coastalroofingofsouthflorida.com/blog/clay-vs-concrete-roof-tiles-complete-comparison-guide-florida-homeowners/,5394,189,145,"Compare clay and concrete roof tiles side-by-side covering costs, durability, wind resistance, and longevity to help Florida homeowners choose the best tile roofing material for their home.","Clay vs concrete roof tiles compared: costs, durability, wind resistance, and lifespan to help Florida homeowners choose the right tile material."
https://coastalroofingofsouthflorida.com/blog/metal-roofing-for-flat-roofs-complete-cost-and-installation-guide/,5361,189,156,"Discover the best metal roofing options for flat roofs, including costs, installation methods, and why metal outperforms traditional flat roofing materials in Florida's challenging climate.","Discover the best metal roofing options for flat roofs, including costs, installation methods, and why metal outlasts traditional flat materials in Florida."
https://coastalroofingofsouthflorida.com/blog/the-definitive-guide-to-metal-roofs-in-florida-from-cost-to-maintenance/,2354,161,142,"Explore the benefits of Metal Roofs in Florida. Learn about cost, maintenance, and why they're perfect for South Florida homes. Read the home expert's guide now!","Explore the benefits of metal roofs in Florida, including cost, maintenance, and why they are a smart, lasting choice for South Florida homes."
https://coastalroofingofsouthflorida.com/blog/complete-guide-to-roofing-warranties-in-florida-what-s-covered-and-what-voids-them/,5340,179,135,"A comprehensive guide to understanding roofing warranties in Florida, covering types of coverage, what's included and excluded, and how to protect your warranty from being voided.","Understand Florida roofing warranties: what coverage exists, what is included or excluded, and how to avoid accidentally voiding yours."
https://coastalroofingofsouthflorida.com/blog/best-shingle-colors-for-florida-homes-7-top-picks-for-2026/,5307,167,145,"Discover the 7 best shingle colors for Florida homes in 2026, including energy-efficient options, HOA-approved choices, and expert tips for matching your home's style.","Discover the 7 best shingle colors for Florida homes in 2026, including energy-smart and HOA-friendly picks plus tips to match your home's style."
https://coastalroofingofsouthflorida.com/blog/tile-vs-shingle-roof/,2590,273,134,"When it comes to choosing a roof for your home, the decision can feel overwhelming. With so many materials and styles available, it’s tough to know what’s right for you. Two of the most popular options are tile and shingle roofs—but which one is the best fit for your home?","Tile vs shingle roof: compare cost, durability, and curb appeal so you can confidently choose the best roofing material for your home."
https://coastalroofingofsouthflorida.com/blog/different-types-of-roof-tiles-in-florida-complete-guide-with-costs-and-performance/,5403,183,146,"Comprehensive guide to roof tile options in Florida including concrete, clay, and metal tiles with detailed cost breakdowns, performance ratings, and hurricane resistance information.","Explore Florida roof tile types, including concrete, clay, and metal, with cost breakdowns, performance ratings, and hurricane resistance details."
https://coastalroofingofsouthflorida.com/blog/best-roof-financing-options-in-florida-compare-rates-and-get-0-apr/,5777,208,149,"Discover the best roof financing options in Florida with 0% APR deals, compare contractor financing, HELOCs, personal loans, and insurance claims to find affordable monthly payments for your roof replacement.","Compare the best roof financing options in Florida, from 0% APR offers and contractor plans to HELOCs and loans, to find affordable monthly payments."
https://coastalroofingofsouthflorida.com/blog/understanding-tpo-roofing-systems/,7960,209,142,"TPO is one of the most common flat roofing systems in South Florida. If you own or manage a commercial building with a flat or low-slope roof, here's what you need to know about it before making any decisions.",TPO is one of the most common flat roofing systems in South Florida. Here is what building owners and managers should know before choosing it.
https://coastalroofingofsouthflorida.com/blog/how-acid-rain-damages-your-south-florida-roof/,6724,377,143,"In South Florida, it’s easy to focus on hurricanes as the main threat to your roof. But there’s another, quieter issue that works year-round. It’s called acid rain. While it doesn’t make headlines, its gradual corrosive effect can wear down your roof, leading to expensive repairs down the line. The good news is that with a little awareness, you can stay ahead of the problem.",Acid rain quietly corrodes South Florida roofs year-round. Learn how it causes damage and the simple steps that help you stay ahead of repairs.
https://coastalroofingofsouthflorida.com/blog/how-coastal-fog-affects-your-roofing-materials/,2993,302,144,"If you live near the coast in South Florida, you know the cool, damp mornings when fog rolls in from the ocean. While it may look peaceful, that fog carries something your roof doesn’t appreciate—salt. Over time, this salty moisture can quietly cause significant damage, often without you realizing it.",Coastal fog carries salt that slowly damages South Florida roofs. Learn how it affects your roofing materials and how to protect them over time.
https://coastalroofingofsouthflorida.com/blog/anna-maria-island-roofers-expert-storm-damage-repair-roof-replacement/,5243,174,147,"Professional Anna Maria Island roofers specializing in hurricane damage repair, roof replacement, and storm restoration with 60+ years experience and 5-star customer reviews.","Anna Maria Island roofers specializing in hurricane damage repair, roof replacement, and storm restoration, backed by 60+ years and 5-star reviews."
https://coastalroofingofsouthflorida.com/blog/free-roofing-calculator-estimate-roof-area-materials-costs-online/,5231,163,146,"Use our free roofing calculator to instantly estimate roof area, materials needed, and costs for shingle, metal, tile, and flat roofs with AI-powered measurements.","Use our free roofing calculator to estimate roof area, materials, and costs for shingle, metal, tile, and flat roofs with AI-powered measurements."
https://coastalroofingofsouthflorida.com/blog/tile-roof-installation-florida-complete-7-step-professional-guide/,5397,187,150,"A comprehensive guide to tile roof installation in Florida, covering the complete 7-step process, costs, benefits, and why professional installation is essential for hurricane protection.","A clear 7-step guide to professional tile roof installation in Florida, covering the process, costs, and why expert work matters for storm protection."
https://coastalroofingofsouthflorida.com/blog/barrel-tile-roof-costs-pros-and-cons-in-florida/,5409,171,140,"Complete guide to barrel tile roofing in Florida covering 2026 costs, pros and cons, installation requirements, and comparison with other roofing materials for homeowners.","Your guide to barrel tile roofing in Florida: 2026 costs, pros and cons, installation needs, and how it compares to other roofing materials."
https://coastalroofingofsouthflorida.com/blog/how-to-clean-a-metal-roof-without-damage-safe-diy-steps-and-tools/,5269,161,137,Learn the safe way to clean your metal roof with proper tools and techniques to avoid damage while maintaining its protective coating and extending its lifespan.,Learn the safe way to clean a metal roof using the right tools and steps that protect its coating and help extend its lifespan for years.
https://coastalroofingofsouthflorida.com/blog/roof-tile-colors/,2613,367,143,"Your roof is more than just a protective shelter for your home—it’s a major design feature that impacts your curb appeal and personal style. And one of the most critical decisions you’ll make is choosing the right roof tile colors. But how do you ensure your choice is both practical and beautiful? Here, we’ll walk you through everything you need to know, including:",Choosing roof tile colors shapes your home's curb appeal and style. Here is how to pick a color that is both practical and beautiful for years.
https://coastalroofingofsouthflorida.com/blog/new-construction-roofing-vs-roof-replacement-complete-cost-guide-2026/,5260,178,141,"Comprehensive comparison of new construction roofing versus roof replacement costs, processes, and benefits to help homeowners make informed decisions for their roofing projects.","Compare new construction roofing and roof replacement costs, processes, and benefits so you can make the right call for your roofing project."
https://coastalroofingofsouthflorida.com/blog/understanding-the-high-velocity-hurricane-zone-for-your-south-florida-roof/,5164,338,144,"If you’re a homeowner in South Florida, you’ve likely heard contractors talk about “HVHZ requirements” for roofing. These aren’t just suggestions; they are mandatory building standards designed to protect your home during a major hurricane. Understanding these rules is the first step toward securing your property and your peace of mind.","South Florida's HVHZ roofing rules are mandatory, not suggestions. Learn what they mean and how they protect your home during a major hurricane."
https://coastalroofingofsouthflorida.com/blog/understanding-roofing-project-timelines/,6744,166,144,"A roofing project moves through several stages before a single shingle gets laid. Permits need approval, materials need to be sourced, and crews need to be scheduled.","A roofing project moves through permits, material sourcing, and scheduling before work begins. Here is what shapes a realistic project timeline."
https://coastalroofingofsouthflorida.com/blog/best-commercial-roofing-materials-for-floridas-climate-and-hurricane-season/,7350,284,143,"For South Florida commercial buildings, TPO, standing seam metal, and PVC are the most reliable roofing materials. They hold up against heat, UV exposure, heavy rain, and hurricane-force winds. Commercial roof replacement in Florida typically costs between $7 and $15 per square foot.","TPO, standing seam metal, and PVC are the most reliable commercial roofing materials for South Florida's heat, heavy rain, and hurricane winds."
https://coastalroofingofsouthflorida.com/blog/tpo-vs-epdm-rubber-roofing-2026-complete-florida-comparison-guide/,5319,186,151,"Compare TPO vs EPDM rubber roofing materials for Florida flat roofs including costs, lifespan, energy efficiency, and installation requirements to make the best choice for your property.","Compare TPO vs EPDM rubber roofing for Florida flat roofs, including cost, lifespan, energy efficiency, and installation needs to choose the right one."
https://coastalroofingofsouthflorida.com/blog/how-to-handle-unexpected-roof-damage/,6739,357,145,"Unexpected roof damage doesn’t wait for a convenient time. At Coastal Roofing of South Florida, we’ve seen firsthand how stressful a sudden leak or storm damage can be for homeowners. While it can feel overwhelming, handling the situation effectively comes down to three simple steps, prioritize safety, document the damage, and call a trusted professional.","Unexpected roof damage is stressful. Handle it with three steps: prioritize safety, document the damage, and call a trusted roofing professional."
https://coastalroofingofsouthflorida.com/blog/what-is-considered-an-old-roof-in-florida-complete-material-guide/,5257,163,144,"Learn when your Florida roof is considered old by insurance companies and material type, plus get expert guidance on replacement timing and insurance implications.","Learn when insurers and material type consider your Florida roof old, plus expert guidance on replacement timing and what it means for coverage."
https://coastalroofingofsouthflorida.com/blog/white-roof-shingles-for-florida-homes-complete-pros-and-cons-guide/,5292,171,148,"Discover the advantages and disadvantages of white roof shingles for Florida homes, including energy efficiency, maintenance requirements, and resale value considerations.","Explore the pros and cons of white roof shingles for Florida homes, including energy efficiency, maintenance needs, and resale value considerations."
https://coastalroofingofsouthflorida.com/roofing/residential-roofing-in-palm-springs-fl/,3668,256,152,"Your home’s roof is a critical line of defense against Florida’s challenging weather, including intense sun, heavy rainfall, and seasonal storms. At Coastal Roofing of South Florida, we provide professional residential roofing services in Palm Springs, FL.","Coastal Roofing of South Florida provides professional residential roofing in Palm Springs, FL, protecting your home from intense sun, rain, and storms."
https://coastalroofingofsouthflorida.com/blog/hip-roof-vs-gable-roof-which-is-better-for-florida-hurricanes/,2909,199,148,"As a Florida homeowner, ensuring your home is ready for a hurricane is a top priority. While many factors contribute to a home’s storm resistance, one of the most important is the shape of your roof.",Your roof shape affects storm resistance. Compare hip vs gable roofs to see which holds up better against Florida hurricanes and protects your home.
https://coastalroofingofsouthflorida.com/blog/best-flat-roof-materials-florida-commercial-buildings/,5310,180,150,"Complete comparison of flat roof materials for Florida commercial properties including TPO, EPDM, modified bitumen, and metal roofing with costs, lifespans, and durability ratings.","Compare flat roof materials for Florida commercial buildings, including TPO, EPDM, modified bitumen, and metal, with costs, lifespans, and durability."
https://coastalroofingofsouthflorida.com/blog/how-to-check-a-roofers-references-and-hire-with-confidence/,4957,169,131,Seeking references is one of the most important steps you can take. They give you a clear picture of what to expect from a roofing contractor after the sales pitch ends.,Checking references is one of the most important hiring steps. Learn how to vet a roofing contractor and hire with real confidence.
https://coastalroofingofsouthflorida.com/blog/tile-roof-maintenance-guide-for-florida-homeowners/,5277,177,144,"A comprehensive guide covering essential tile roof maintenance practices for Florida homeowners, including cleaning schedules, inspection tips, and damage prevention strategies.","A practical tile roof maintenance guide for Florida homeowners, covering cleaning schedules, inspection tips, and simple ways to prevent damage."
https://coastalroofingofsouthflorida.com/blog/best-metal-roof-for-hurricanes-in-florida-wind-ratings-materials-and-installation-guide/,5382,183,148,"Complete guide to choosing the best metal roof for hurricane protection in Florida, covering wind ratings, material comparisons, and installation methods for maximum storm resistance.","Choose the best metal roof for hurricane protection in Florida, with wind ratings, material comparisons, and installation tips for maximum strength."
https://coastalroofingofsouthflorida.com/blog/best-metal-roof-types-for-florida-homes-in-2026/,5355,197,149,"Comprehensive guide to the top 3 metal roof types for Florida homes, including costs, wind ratings, and durability comparisons to help homeowners choose the best hurricane-resistant roofing option.","Explore the top metal roof types for Florida homes in 2026, comparing cost, wind ratings, and durability to find the best hurricane-resistant option."
https://coastalroofingofsouthflorida.com/blog/metal-roof-over-shingles-complete-guide-pros-cons-installation/,5370,193,146,"A comprehensive guide covering the advantages, disadvantages, costs, and installation process of putting a metal roof over existing shingles, helping homeowners make informed roofing decisions.","A complete guide to installing a metal roof over existing shingles, covering the pros, cons, costs, and process so you can decide with confidence."
https://coastalroofingofsouthflorida.com/blog/gutter-guards-in-florida-are-they-worth-it-for-your-home/,5170,266,142,"A comprehensive guide exploring whether gutter guards are worth the investment for Florida homes, covering their benefits in handling heavy rainfall and debris, potential drawbacks, cost considerations, and how to choose the right system for your specific situation.","Are gutter guards worth it in Florida? Explore the benefits for heavy rain and debris, the drawbacks, costs, and how to pick the right system."
https://coastalroofingofsouthflorida.com/blog/understanding-and-solving-roof-algae-and-moss-growth/,5865,363,145,"Have you noticed dark streaks staining your roof, or perhaps green, fuzzy patches starting to appear? In South Florida, these common sights are more than just a cosmetic issue. They are signs of algae and moss, which can cause real damage to your roof if left unaddressed. Understanding what’s happening on your roof is the first step toward protecting your home.",Dark streaks and green patches signal roof algae and moss. Learn what causes them in South Florida and how to protect your roof from real damage.
https://coastalroofingofsouthflorida.com/blog/clay-vs-concrete-roof-tiles/,2598,426,132,"When it comes to roofing, choosing between clay vs concrete roof tiles is a crucial decision for homeowners. Both materials are popular for their durability, aesthetic appeal, and ability to withstand harsh weather conditions. However, each has unique advantages and drawbacks that can make one better suited to your needs than the other. This guide breaks down the key differences to help you decide. Here’s what we’ll cover:","Choosing between clay and concrete roof tiles? Compare durability, cost, and weather resistance to find the right fit for your home."
https://coastalroofingofsouthflorida.com/blog/wind-damage-to-roof-shingles-in-florida-expert-repair-guide/,5274,165,143,"Learn how to identify wind damage to roof shingles in Florida, understand insurance coverage, and get expert repair solutions from experienced roofing professionals.","Learn how to spot wind damage to roof shingles in Florida, understand your insurance coverage, and get expert repair solutions from local pros."
https://coastalroofingofsouthflorida.com/blog/understanding-floridas-25-rule-for-roof-repair-and-replacement-in-2026/,5152,280,142,"After a storm, you might notice a few damaged shingles on your roof. Or perhaps a roofer mentioned that fixing a small leak will involve a surprisingly large section of your roof. This often leads to the critical question of whether you need a simple repair or a full replacement.",Florida's 25% roof rule decides whether you can repair or must replace. Learn how it works and what it means for storm damage and small leaks.
https://coastalroofingofsouthflorida.com/blog/metal-roof-vs-shingles-cost-2026-complete-price-comparison-guide/,5388,166,150,"Compare metal roof vs shingles costs, including upfront pricing, long-term value, durability, and maintenance to make the best roofing decision for your Florida home.","Compare metal roof vs shingles costs, including upfront price, long-term value, durability, and upkeep, to make the best choice for your Florida home."
https://coastalroofingofsouthflorida.com/metal-roofing/metal-roofing-in-tequesta-fl/,3455,209,147,"Protect your home or business with a long-lasting, energy-efficient metal roof. At Coastal Roofing of South Florida, we provide expert metal roof installation, replacement, and repair services in Tequesta, FL.","Coastal Roofing of South Florida offers expert metal roof installation, replacement, and repair in Tequesta, FL, for long-lasting, efficient roofs."
https://coastalroofingofsouthflorida.com/blog/flat-roof-drainage/,2813,339,148,"Flat roofs are a popular choice for commercial buildings and modern residential properties, but they come with unique challenges that sloped roofs don't face. The most critical challenge? Proper water management. Without effective flat roof drainage systems, standing water can lead to serious structural damage, leaks, and costly repairs.",Standing water is a flat roof's biggest threat. Explore the best flat roof drainage methods to remove water and prevent leaks and structural damage.
https://coastalroofingofsouthflorida.com/blog/chimney-flashing-repair-costs-florida-complete-guide-types-pricing/,5251,182,151,"Comprehensive guide to chimney flashing repair costs in Florida, covering different types of repairs, warning signs, and pricing breakdown to help homeowners make informed decisions.","See what chimney flashing repair costs in Florida, including repair types, warning signs, and pricing so you can make an informed, budget-smart choice."
https://coastalroofingofsouthflorida.com/blog/roof-ventilation/,2720,342,149,"Your roof does more than just protect your home from rain and sunlight. It plays a crucial role in maintaining the overall comfort and health of your home. One key aspect often overlooked? Proper roof ventilation. If you’re a homeowner wondering why ventilation matters, what it entails, and how it can benefit you, this is the guide for you.","Proper roof ventilation keeps your home comfortable and your roof healthy. Learn why it matters, how it works, and the benefits it brings homeowners."
https://coastalroofingofsouthflorida.com/blog/free-roof-repair-estimate-guide-what-to-expect-from-your-quote/,5266,178,147,"A comprehensive guide explaining the roof repair estimate process, what should be included in quotes, and how to compare estimates effectively to make informed roofing decisions.","Learn what a roof repair estimate should include and how to compare quotes effectively, so you can make informed roofing decisions with confidence."
https://coastalroofingofsouthflorida.com/blog/florida-roof-replacement-costs-2026-complete-pricing-guide/,5768,197,150,"Complete 2026 guide to Florida roof replacement costs by material, including asphalt shingles, metal, tile, and flat roofing with local pricing insights and factors affecting your total investment.","Your 2026 guide to Florida roof replacement costs by material, from asphalt and metal to tile and flat roofs, plus the factors that affect your total."
https://coastalroofingofsouthflorida.com/blog/why-your-roof-needs-a-permit-and-inspection-in-south-florida/,5802,312,150,"You’ve chosen a contractor and are excited about your new roof. But before the first shingle is laid, there’s a crucial step that protects your home and investment: the building permit and inspection process. While it might seem like extra paperwork, understanding why it’s necessary will give you peace of mind.","Before the first shingle goes on, permits and inspections protect your home and investment. Here is why this step matters for your South Florida roof."
https://coastalroofingofsouthflorida.com/metal-roofing/metal-roofing-in-west-palm-beach-fl/,3451,213,150,"Protect your home or business with a durable and energy-efficient metal roof. At Coastal Roofing of South Florida, we specialize in metal roof installation, replacement, and repair services in West Palm Beach, FL.","Coastal Roofing of South Florida specializes in metal roof installation, replacement, and repair in West Palm Beach, FL, for durable, efficient roofs."
https://coastalroofingofsouthflorida.com/blog/understanding-fastener-systems-for-florida-roofs/,7938,252,145,"Roofing fasteners are the nails, screws, and clips that hold your roofing material to the structure beneath it. In South Florida, choosing the wrong ones puts your roof at risk in a storm and can cause it to fail inspection before a storm ever arrives.",Roofing fasteners hold your roof to the structure beneath. Learn why the right choice matters in South Florida storms and for passing inspection.
https://coastalroofingofsouthflorida.com/blog/the-ultimate-guide-to-roofing-services-in-boynton-beach-fl-from-repairs-to-full-replacements/,2362,184,150,"Discover everything about roofing in Boynton Beach, from repairs to replacements. Learn how to choose the right materials and maintain your roof in South Florida's challenging climate.","Your guide to roofing in Boynton Beach, from repairs to full replacements, with tips on choosing materials and maintaining your roof in South Florida."
https://coastalroofingofsouthflorida.com/blog/5-best-flat-roof-drainage-systems-types-pros-cons-installation-guide/,5334,168,149,"Complete guide to flat roof drainage systems including internal drains, scuppers, gutters, siphonic drains, and overflow systems with pros, cons, and installation tips.","Explore 5 flat roof drainage systems, including internal drains, scuppers, gutters, siphonic drains, and overflow, with pros, cons, and install tips."
https://coastalroofingofsouthflorida.com/blog/roof-types/,2678,322,148,"Your roof is more than just a practical necessity. It’s the crown of your home, offering protection, insulation, and even adding to your property's curb appeal. Whether you’re building a new house, replacing an aging roof, or just curious about what’s over your head, understanding the different roof types can be helpful.","Explore 5 common residential roof types and learn how each one affects your home's protection, insulation, and curb appeal before your next project."
https://coastalroofingofsouthflorida.com/blog/galvalume-vs-aluminum-vs-steel-roofing-complete-cost-and-performance-comparison/,5367,174,128,"Compare Galvalume, aluminum, and steel roofing materials with detailed cost analysis, durability ratings, and performance factors to choose the best metal roof for your home.","Compare Galvalume, aluminum, and steel roofing on cost, durability, and performance to choose the best metal roof for your home."
https://coastalroofingofsouthflorida.com/blog/how-long-does-it-take-to-replace-a-roof/,2747,389,142,"If you're facing a roof replacement, you're likely wondering, ""How long does it take to replace a roof?"" The answer depends on several factors, including the size of your home, the roofing material used, and even the weather. This guide will walk you through the typical timeline of a roof replacement, the factors that affect the duration, and tips for ensuring the process goes smoothly.","How long does a roof replacement take? Learn the typical timeline, the factors that affect it, and tips to keep your project running smoothly."
https://coastalroofingofsouthflorida.com/blog/hybrid-tile-roofing-systems-why-foam-and-screws-together-deliver-superior-wind-resistance-in-south-florida/,6628,252,152,"Discover how hybrid tile roofing systems combining foam adhesives and mechanical fasteners provide the strongest wind resistance for South Florida homes, offering superior protection against hurricane-force winds in Palm Beach County and coastal areas.",See how hybrid tile roofing systems combine foam adhesives and screws to deliver superior wind resistance for South Florida and Palm Beach County homes.
https://coastalroofingofsouthflorida.com/blog/the-truth-about-roof-condensation-in-florida/,5034,276,142,"Have you ever opened your attic on a humid day and felt dampness in the air? Many South Florida homeowners find moisture in their attic and immediately worry about a roof leak. Often, the real culprit is condensation—a common issue that needs attention but is usually fixable.","Attic dampness is not always a leak. Learn the truth about roof condensation in Florida, why it happens, and the fixes that protect your home."
https://coastalroofingofsouthflorida.com/blog/do-30-year-shingles-really-last-30-years-in-florida-truth-about-roof-warranties/,5289,166,144,"Discover the truth about 30-year shingles and whether they actually last three decades in Florida's harsh climate, plus better alternatives for your roof replacement.",Do 30-year shingles really last 30 years in Florida's harsh climate? Learn the truth about roof warranties and smarter replacement alternatives.
https://coastalroofingofsouthflorida.com/blog/best-flat-roof-materials-for-florida-homes-in-2026/,5325,166,149,"Compare the top flat roof materials for Florida homes including TPO, modified bitumen, EPDM, and metal roofing with costs, lifespan, and hurricane resistance ratings.","Compare the top flat roof materials for Florida homes, including TPO, modified bitumen, EPDM, and metal, with costs, lifespan, and hurricane ratings."
https://coastalroofingofsouthflorida.com/blog/is-self-healing-roofing-right-for-your-south-florida-home/,4908,761,147,"The bottom line is that for your South Florida home, proven materials installed by an expert offer better protection and long-term value than emerging technologies. Your focus should be on a storm-ready system that can handle our unique weather. Not sure what materials make sense for your situation? We can help you sort through the options. At Coastal Roofing of South Florida, we work with homeowners to find the right balance of protection, durability, and budget. We’ll explain your choices in plain English and help you make a confident decision. Schedule your free roof inspection today. We’ll check your current roof, discuss your concerns, and recommend materials that work for your home. No pressure, just honest advice from experienced local roofers.","Is self-healing roofing right for your South Florida home? See how it compares to proven, storm-ready materials and which choice protects you best."
https://coastalroofingofsouthflorida.com/blog/asphalt-shingle-repair-guide-for-florida-homeowners/,5280,164,148,"Complete guide to asphalt shingle repair in Florida covering damage assessment, repair costs, DIY vs professional solutions, and when to replace your roof entirely.","A complete guide to asphalt shingle repair in Florida, covering damage assessment, repair costs, DIY vs professional, and when to replace your roof."
https://coastalroofingofsouthflorida.com/blog/roof-trusses/,2606,375,142,"When it comes to constructing or renovating a home, the roof is one of the most critical components, and at the heart of its strength and design are roof trusses. But what are roof trusses, and why do they matter so much? If you're a homeowner, understanding roof trusses can help you make informed decisions and appreciate their role in keeping your home safe and beautiful.","What are roof trusses and why do they matter? Learn their key functions and benefits, and how they keep your home safe, sturdy, and beautiful."
https://coastalroofingofsouthflorida.com/blog/flat-roofing-tiles-vs-barrel-tiles-cost-guide-florida-2026/,5415,185,134,"Complete guide to flat roofing tiles costs in Florida, comparing concrete vs clay materials and flat tiles vs traditional barrel tiles with pricing, benefits, and installation insights.","Compare flat roofing tiles vs barrel tiles in Florida, including concrete vs clay costs, benefits, and installation insights for 2026."
https://coastalroofingofsouthflorida.com/roof-leak-detection/roof-leak-detection-in-palm-springs-fl/,6878,163,142,Prevent water damage with professional roof leak detection in Palm Springs. Coastal Roofing uses advanced tools to find hidden leaks and keep your desert home dry.,"Prevent water damage with professional roof leak detection in Palm Springs, FL. Coastal Roofing uses advanced tools to find hidden leaks fast."
https://coastalroofingofsouthflorida.com/blog/5-common-causes-of-premature-roof-failure-in-south-florida-you-need-to-know/,6583,177,151,Learn the 5 most common causes of premature roof failure in South Florida and how to prevent costly early roof replacement with proper maintenance and professional installation.,Learn the 5 most common causes of premature roof failure in South Florida and how proper maintenance and installation help you avoid early replacement.
https://coastalroofingofsouthflorida.com/commercial-roof-inspection/commercial-roof-inspection-in-jupiter-farms-fl/,7028,162,146,"Coastal Roofing provides expert commercial roof inspections in Jupiter Farms, FL. We identify vulnerabilities to keep your business secure and structurally sound.","Coastal Roofing provides expert commercial roof inspections in Jupiter Farms, FL, spotting vulnerabilities to keep your business secure and sound."
https://coastalroofingofsouthflorida.com/blog/should-you-choose-3-tab-or-dimensional-shingles-for-your-florida-home-in-2026/,5141,305,140,"Choosing new shingles for your roof can feel overwhelming. You hear terms like “3-tab” and “dimensional,” but it’s hard to know what they mean for your home’s safety and budget. Let’s break down the differences in simple terms so you can choose the best option for your South Florida home with confidence.",3-tab vs dimensional shingles for your Florida home? We break down the differences in plain terms so you can choose with confidence in 2026.
https://coastalroofingofsouthflorida.com/blog/how-to-prepare-your-roof-for-storms-in-south-florida-in-2026/,6577,197,142,"A comprehensive guide for South Florida homeowners on preparing their roof for hurricane season, including material-specific tips and professional inspection advice for Palm Beach County residents.","A practical guide for South Florida homeowners on preparing your roof for hurricane season, with material-specific tips and inspection advice."
https://coastalroofingofsouthflorida.com/blog/wind-mitigation-opening-protection-discounts-west-palm-beach-fl/,6604,177,142,"Learn how wind mitigation opening protection discounts can reduce your homeowners insurance premiums in West Palm Beach, FL through hurricane-rated windows, doors, and shutters.","Learn how wind mitigation opening protection can lower your home insurance in West Palm Beach, FL, through rated windows, doors, and shutters."
https://coastalroofingofsouthflorida.com/locations/wellington-fl/,4299,286,151,"When it comes to protecting your business, a strong and reliable roof is essential. At Coastal Roofing of South Florida, we provide professional commercial roofing services in Wellington, FL, designed to deliver long-term performance, energy efficiency, and superior weather protection.","Coastal Roofing of South Florida provides professional commercial roofing in Wellington, FL, built for lasting performance, efficiency, and protection."
https://coastalroofingofsouthflorida.com/blog/how-to-extend-your-roof-s-life-with-timely-repairs-in-west-palm-beach/,6576,166,146,"Learn how to identify roof damage signs and extend your roof's lifespan through strategic repairs in West Palm Beach, saving thousands on premature replacement costs.","Learn how to spot roof damage early and extend your roof's life with timely repairs in West Palm Beach, saving thousands on premature replacement."
https://coastalroofingofsouthflorida.com/blog/how-to-get-south-florida-home-insurance-discounts-through-building-code-compliance/,6608,186,151,"Learn how South Florida homeowners can qualify for significant insurance discounts by meeting building code compliance requirements, including roof upgrades and wind mitigation features.","Learn how South Florida homeowners can earn insurance discounts through building code compliance, including roof upgrades and wind mitigation features."
https://coastalroofingofsouthflorida.com/blog/thinking-about-diy-roof-repair-in-2026-a-south-florida-homeowners-guide/,3954,325,139,"After a storm, you spot a few damaged shingles on your roof. Your first thought is likely, “Can I fix this myself and save some money?” It’s a question we hear often from South Florida homeowners. While the answer is sometimes yes, it’s important to know when a DIY approach is safe and when it’s time to call a professional.",Thinking about DIY roof repair in 2026? This South Florida guide shows when a fix is safe to do yourself and when it is time to call a pro.
https://coastalroofingofsouthflorida.com/blog/how-much-does-a-roof-replacement-cost-in-south-florida-2026/,6572,188,142,"Complete guide to South Florida roof replacement costs in 2026, including average prices by material, factors affecting costs, and when to repair vs replace your roof in Palm Beach County.","A 2026 guide to South Florida roof replacement costs, including average prices by material and when to repair or replace in Palm Beach County."
https://coastalroofingofsouthflorida.com/commercial-roof-inspection/commercial-roof-inspection-in-palm-springs-fl/,7052,161,145,"Coastal Roofing provides expert commercial roof inspections in Palm Springs, FL. We identify vulnerabilities to keep your business secure and structurally sound.","Coastal Roofing provides expert commercial roof inspections in Palm Springs, FL, spotting vulnerabilities to keep your business secure and sound."
https://coastalroofingofsouthflorida.com/storm-damage/storm-damage-repair-in-boynton-beach-fl/,5058,186,138,"Severe storms can strike unexpectedly, leaving your roof vulnerable to leaks, structural damage, and debris. Coastal Roofing of South Florida offers reliable storm damage repair services","Storms can leave your roof leaking and damaged. Coastal Roofing of South Florida offers reliable storm damage repair in Boynton Beach, FL."
https://coastalroofingofsouthflorida.com/blog/composition-roof-pros-and-cons-for-florida-homeowners/,5304,175,141,"A comprehensive guide to composition roofing in Florida, covering the advantages, disadvantages, costs, and performance of asphalt shingles in the state's challenging climate.","Explore the pros, cons, and costs of composition roofing in Florida, and see how asphalt shingles perform in the state's hot, stormy climate."
https://coastalroofingofsouthflorida.com/blog/top-4-roof-insulation-myths-busted-for-palm-beach-county-homeowners/,6582,177,149,Discover the truth behind common roof insulation myths and learn why choosing the right insulation type can save energy costs and protect your Palm Beach County home year-round.,We bust 4 common roof insulation myths and show Palm Beach County homeowners how the right insulation saves energy and protects your home year-round.
https://coastalroofingofsouthflorida.com/blog/my-safe-florida-home-roofing-contractors-licensed-fl-roofers-directory/,5254,181,152,"Find approved My Safe Florida Home roofing contractors in Florida. Get free quotes from licensed roofers, learn about grant eligibility, and strengthen your home against hurricanes.","Find approved My Safe Florida Home roofing contractors. Get free quotes from licensed roofers, check grant eligibility, and harden your home for storms."
https://coastalroofingofsouthflorida.com/roof-replacement/roof-replacement-in-boynton-beach-fl/,5078,170,156,"If your roof is showing signs of wear, leaks, or storm damage, timely roof replacement is essential to protect your home or business. At Coastal Roofing of South Florida.","Coastal Roofing of South Florida provides timely, professional roof replacement in Boynton Beach, FL, to protect your home or business from wear and storms."
https://coastalroofingofsouthflorida.com/roof-repair/roof-repair-in-jupiter-fl/,2978,163,150,"If your roof has started leaking, missing shingles, or showing signs of storm damage, don’t wait for the problem to get worse. At Coastal Roofing of South Florida.","Leaks, missing shingles, or storm damage? Coastal Roofing of South Florida provides fast, dependable roof repair in Jupiter, FL, before problems grow."
https://coastalroofingofsouthflorida.com/roof-repair/roof-repair-in-lake-clarke-shores-fl/,3047,173,153,"When your roof shows signs of leaks, missing shingles, or storm damage, prompt roof repair is critical to protect your home or business. At Coastal Roofing of South Florida.","Leaks, missing shingles, or storm damage? Coastal Roofing of South Florida offers prompt roof repair in Lake Clarke Shores, FL, to protect your property."
https://coastalroofingofsouthflorida.com/commercial-roof-inspection/commercial-roof-inspection-in-broward-county-fl/,7074,163,147,"Coastal Roofing provides expert commercial roof inspections in Broward County, FL. We identify vulnerabilities to keep your business secure and structurally sound.","Coastal Roofing provides expert commercial roof inspections in Broward County, FL, spotting vulnerabilities to keep your business secure and sound."
https://coastalroofingofsouthflorida.com/blog/9-best-roofing-materials-for-2026-in-south-florida-ranked-by-durability-and-cost/,6573,181,147,"Discover the top 9 roofing materials for 2025 in South Florida, ranked by durability, cost, and energy efficiency to help you choose the best option for your Palm Beach County home.","Discover the 9 best roofing materials for 2026 in South Florida, ranked by durability, cost, and energy efficiency for your Palm Beach County home."
https://coastalroofingofsouthflorida.com/blog/case-study-how-coastal-roofing-of-south-florida-saved-armandos-shopping-center-from-a-roofing-disaster/,6593,187,147,"A detailed case study showing how Coastal Roofing of South Florida rescued Armando's Shopping Center from a failed roof installation, replacing it with a durable Duro-Last roofing system.","See how Coastal Roofing of South Florida rescued Armando's Shopping Center from a failed roof, installing a durable Duro-Last system built to last."
https://coastalroofingofsouthflorida.com/blog/how-blockchain-technology-is-changing-roofing-warranties-in-2026/,2989,185,150,"After a major storm, the last thing you want to worry about is finding your roofing warranty paperwork. You might be digging through files, hoping the documents weren’t lost or damaged.","After a storm, lost warranty paperwork is the last thing you need. See how blockchain is making roofing warranties easier to store and verify in 2026."
https://coastalroofingofsouthflorida.com/metal-roofing/metal-roofing-in-palm-beach-county-fl/,7468,161,150,Upgrade your Palm Beach County home with durable metal roofing. Our local experts provide high quality installations to keep your Florida property safe and cool.,Upgrade your Palm Beach County home with durable metal roofing. Our local experts deliver high-quality installs that keep your property cool and safe.
https://coastalroofingofsouthflorida.com/blog/a-complete-guide-to-cleaning-your-roof-in-2026/,2931,205,138,"You’ve seen them on your neighbor’s roof, and maybe even your own—those dark streaks that make a home look older than it is. In South Florida’s humid climate, these unsightly stains seem almost inevitable.",Those dark streaks make your home look older than it is. This 2026 guide shows how to clean your roof safely and keep it looking its best.
https://coastalroofingofsouthflorida.com/shingle-roofing/shingle-roofing-in-fort-lauderdale-fl/,7490,161,150,Protect your Fort Lauderdale home with expert shingle roofing. Our local team provides quality craftsmanship to keep your South Florida property safe and secure.,Protect your Fort Lauderdale home with expert shingle roofing. Our local team delivers quality craftsmanship that keeps your property safe and secure.
https://coastalroofingofsouthflorida.com/storm-damage/storm-damage-repair-in-lake-clarke-shores-fl/,3567,220,144,"Severe weather can strike without warning, leaving your roof and property at risk. Coastal Roofing of South Florida provides fast, reliable storm damage repair services for homeowners and businesses in Lake Clarke Shores","Severe weather can strike without warning. Coastal Roofing of South Florida offers fast, reliable storm damage repair in Lake Clarke Shores, FL."
https://coastalroofingofsouthflorida.com/blog/florida-roof-replacement-cost-guide-material-prices-installation-factors/,5237,173,148,"Complete guide to Florida roof replacement costs by material type, including factors that affect pricing and what homeowners can expect to pay for different roofing options.","A complete guide to Florida roof replacement costs by material, including the factors that affect pricing and what to expect to pay for each option."
https://coastalroofingofsouthflorida.com/blog/why-south-florida-property-managers-should-schedule-regular-roof-inspections/,6594,217,152,"Learn why proactive roof inspections are essential for South Florida property managers to prevent costly repairs, extend roof lifespan, and protect their investment properties from water damage in the coastal climate.","See why regular roof inspections help South Florida property managers prevent costly repairs, extend roof life, and protect their investment properties."
https://coastalroofingofsouthflorida.com/blog/how-to-budget-for-tile-roof-repairs-in-south-florida-in-2026/,6618,216,150,"A comprehensive guide to help South Florida homeowners plan and budget for tile roof repairs, including cost factors, repair scheduling, and maintenance tips to avoid expensive emergency fixes in the coastal climate.","A practical guide to budgeting for tile roof repairs in South Florida, covering cost factors, scheduling, and maintenance to avoid pricey emergencies."
https://coastalroofingofsouthflorida.com/commercial-roofing/commercial-roofing-in-palm-beach-gardens-fl/,3648,254,143,"A strong and reliable roof is the foundation of any successful business. At Coastal Roofing of South Florida, we specialize in providing high-quality commercial roofing services in Palm Beach Gardens, FL, tailored to the unique needs of local businesses.","Coastal Roofing of South Florida delivers high-quality commercial roofing in Palm Beach Gardens, FL, tailored to the needs of local businesses."
https://coastalroofingofsouthflorida.com/blog/how-to-prevent-oil-canning-on-metal-roofs-in-south-florida/,6613,202,143,"Learn proven techniques to prevent oil canning on metal roofs in South Florida including panel selection, installation methods, and material choices that minimize waviness and maintain aesthetic appeal.","Learn proven ways to prevent oil canning on metal roofs in South Florida, from panel selection to installation methods that keep panels smooth."
https://coastalroofingofsouthflorida.com/blog/types-of-tile-roofs-in-florida-clay-vs-concrete-comparison-guide/,5400,229,143,"Comprehensive comparison guide for Florida homeowners choosing between clay and concrete tile roofs, covering durability, costs, styles, hurricane resistance, and long-term value to help make the best roofing investment decision.","Compare clay vs concrete tile roofs for Florida homes, covering durability, cost, styles, and hurricane resistance to make the best investment."
https://coastalroofingofsouthflorida.com/blog/roof-algae-discoloration-guide-for-south-florida-homeowners/,6595,165,154,"Complete guide to understanding, treating, and preventing roof algae discoloration for South Florida homeowners, including safe cleaning methods and prevention tips.","A complete guide to understanding, treating, and preventing roof algae discoloration for South Florida homeowners, with safe cleaning and prevention tips."
https://coastalroofingofsouthflorida.com/locations/palm-beach-gardens-fl/,4320,254,148,"A strong and reliable roof is the foundation of any successful business. At Coastal Roofing of South Florida, we specialize in providing high-quality commercial roofing services in Palm Beach Gardens, FL, tailored to the unique needs of local businesses.","Coastal Roofing of South Florida delivers reliable commercial roofing services in Palm Beach Gardens, FL, tailored to the needs of local businesses."
https://coastalroofingofsouthflorida.com/roof-repair/roof-repair-in-palm-springs-fl/,3057,174,147,"When your roof shows signs of leaks, missing shingles, or storm damage, prompt roof repair is essential to protect your home or business. At Coastal Roofing of South Florida.","Leaks, missing shingles, or storm damage? Coastal Roofing of South Florida offers prompt roof repair in Palm Springs, FL, to protect your property."
https://coastalroofingofsouthflorida.com/blog/raccoons-in-your-attic-signs-removal-and-prevention-guide-for-palm-beach-county/,6579,165,141,"Complete guide to identifying raccoon infestations in Palm Beach County homes, safe removal methods, and proven prevention strategies to protect your roof and attic.","A complete guide to spotting raccoons in Palm Beach County attics, plus safe removal methods and proven prevention tips to protect your roof."
https://coastalroofingofsouthflorida.com/shingle-roofing/shingle-roofing-in-jupiter-farms-fl/,3304,192,128,Expert Shingle Roofing Services in Jupiter Farms Ensure your home or business in Jupiter Farms stays protected with top-quality shingle roofing solutions from Coastal Roofing of South Florida.,Keep your Jupiter Farms home or business protected with quality shingle roofing solutions from Coastal Roofing of South Florida.
https://coastalroofingofsouthflorida.com/blog/hip-roof-wind-mitigation-discount-guide-for-south-florida-homeowners/,6605,188,143,"Learn how hip roofs qualify for wind mitigation discounts on South Florida homeowners insurance, including qualification requirements and potential savings for Palm Beach County residents.","Learn how hip roofs qualify for wind mitigation insurance discounts in South Florida, including requirements and savings for Palm Beach County."
https://coastalroofingofsouthflorida.com/tile-roofing/tile-roofing-in-broward-county-fl/,7507,161,149,Upgrade your Broward County home with durable tile roofing. Our local specialists provide expert installation to protect your property with style and resilience.,Upgrade your Broward County home with durable tile roofing. Our local specialists deliver expert installation that protects your property with style.
https://coastalroofingofsouthflorida.com/blog/pros-and-cons-of-metal-roofs-for-homes-in-south-florida-2026/,6609,230,136,"A comprehensive guide exploring the advantages and disadvantages of metal roofing for South Florida homeowners, including cost comparisons, lifespan expectations, and performance in coastal climates from Fort Pierce to Boca Raton.","Explore the pros and cons of metal roofs for South Florida homes, including cost, lifespan, and how they perform in our coastal climate."
https://coastalroofingofsouthflorida.com/blog/wind-mitigation-inspection-in-south-florida-save-up-to-86-on-insurance/,6600,235,147,"A comprehensive guide to wind mitigation inspections in South Florida, explaining how homeowners from West Palm Beach to Boca Raton can save up to 86% on insurance premiums through certified inspections and home strengthening features.","A guide to wind mitigation inspections in South Florida, showing how homeowners from West Palm Beach to Boca Raton can save up to 86% on insurance."
https://coastalroofingofsouthflorida.com/roof-repair/roof-repair-in-palm-beach-gardens-fl/,3035,182,143,"Your roof protects your home from Florida’s heat, humidity, and heavy rains — but when it starts showing signs of wear, prompt action is crucial. At Coastal Roofing of South Florida.","Your roof faces Florida's heat, humidity, and heavy rain. When wear shows, Coastal Roofing offers prompt roof repair in Palm Beach Gardens, FL."
https://coastalroofingofsouthflorida.com/storm-damage/storm-damage-repair-in-wellington-fl/,3554,175,154,"When storms hit Wellington, the combination of high winds, heavy rain, and flying debris can leave your roof vulnerable to serious damage. At Coastal Roofing of South Florida.","High winds, heavy rain, and debris can leave your roof vulnerable. Coastal Roofing of South Florida offers reliable storm damage repair in Wellington, FL."
https://coastalroofingofsouthflorida.com/blog/evolution-tile-roofing-installation-south-florida-hurricane-lessons-modern-methods/,6626,195,150,Discover how tile roofing installation in South Florida has evolved from 1950s methods through Hurricane Andrew to today's advanced techniques that provide superior wind resistance and longevity.,"See how tile roofing installation in South Florida evolved from 1950s methods through Hurricane Andrew to today's stronger, longer-lasting techniques."
https://coastalroofingofsouthflorida.com/blog/essential-tile-roof-repair-facts-every-west-palm-beach-homeowner-should-know/,6619,186,149,"Discover four crucial facts about tile roof repair in West Palm Beach and South Florida, including optimal timing, cost savings, and how proper maintenance protects your home investment.","Discover 4 key tile roof repair facts every West Palm Beach homeowner should know, including timing, cost savings, and how upkeep protects your home."
https://coastalroofingofsouthflorida.com/roof-replacement/roof-replacement-in-royal-palm-beach-fl/,2966,167,136,"If your roof is showing signs of leaks, cracked shingles, or age-related wear, it may be time for a professional roof replacement. At Coastal Roofing of South Florida.","Leaks, cracked shingles, or aging wear? Coastal Roofing of South Florida provides professional roof replacement in Royal Palm Beach, FL."
https://coastalroofingofsouthflorida.com/shingle-roofing/shingle-roofing-in-royal-palm-beach-fl/,3326,299,132,"If your roof is showing signs of leaks, cracked shingles, or age-related wear, it may be time for a professional roProtect your home or business in Royal Palm Beach with high-quality shingle roofing solutions from Coastal Roofing of South Florida.of replacement. At Coastal Roofing of South Florida.",Protect your home or business in Royal Palm Beach with high-quality shingle roofing solutions from Coastal Roofing of South Florida.
https://coastalroofingofsouthflorida.com/blog/why-metal-roofing-is-the-smart-choice-for-south-florida-homes/,6610,162,150,"Discover why metal roofing offers unmatched durability, energy efficiency, and storm protection for South Florida homeowners, with benefits that last 30-50 years.","Discover why metal roofing offers durability, energy efficiency, and storm protection for South Florida homes, with benefits that last 30 to 50 years."
https://coastalroofingofsouthflorida.com/blog/what-tile-roof-repair-mistakes-should-you-avoid-expert-tips-from-west-palm-beach-professionals/,6623,225,149,Learn the critical tile roof repair mistakes that can cost you thousands in West Palm Beach and Palm Beach County. Discover expert tips to protect your investment and ensure lasting repairs in South Florida's coastal climate.,"Learn the tile roof repair mistakes that cost West Palm Beach homeowners thousands, plus expert tips to protect your investment with lasting repairs."
https://coastalroofingofsouthflorida.com/blog/composite-roofing-shingles-complete-guide-pros-cons-costs-florida/,5298,172,147,"Discover everything about composite roofing shingles for Florida homes, including pros, cons, costs, and how they compare to traditional materials for hurricane protection.","Discover everything about composite roofing shingles for Florida homes, including pros, cons, costs, and how they compare for hurricane protection."
https://coastalroofingofsouthflorida.com/blog/terracotta-roof-cost-florida-pros-cons-price-guide-2026/,5412,181,147,"Complete guide to terracotta roof costs in Florida including pros, cons, installation prices per square foot, and hurricane performance for homeowners considering clay tile roofing.","A complete guide to terracotta roof costs in Florida, including pros, cons, price per square foot, and hurricane performance for clay tile roofing."
https://coastalroofingofsouthflorida.com/roof-leak-detection/roof-leak-detection-in-lake-clarke-shores-fl/,6868,175,145,Stop water damage with expert roof leak detection in Lake Clarke Shores. Coastal Roofing uses advanced methods to find hidden leaks and keep your lakeside property watertight.,"Stop water damage with expert roof leak detection in Lake Clarke Shores, FL. Coastal Roofing finds hidden leaks fast and keeps your property dry."
https://coastalroofingofsouthflorida.com/roof-replacement/roof-replacement-in-jupiter-fl/,2957,205,153,"If your roof has reached the end of its lifespan or is suffering from leaks and storm damage, Coastal Roofing of South Florida provides dependable and professional roof replacement services in Jupiter, FL.","When your roof reaches the end of its life or suffers storm damage, Coastal Roofing of South Florida provides dependable roof replacement in Jupiter, FL."
https://coastalroofingofsouthflorida.com/blog/what-is-oil-canning-in-metal-roofing-and-how-to-prevent-it-in-south-florida/,6611,182,141,"Learn what oil canning is in metal roofing, why it happens, and discover proven methods to prevent this common aesthetic issue during installation in South Florida's coastal climate.","Learn what oil canning in metal roofing is, why it happens, and proven ways to prevent this common look during installation in South Florida."
https://coastalroofingofsouthflorida.com/blog/what-does-your-commercial-roof-warranty-cover-in-south-florida/,6601,231,151,"A comprehensive guide explaining the three types of commercial roof warranties, what each covers, and the owner responsibilities needed to maintain warranty protection for your roofing investment in South Florida's coastal climate.","Understand the three types of commercial roof warranties, what each covers, and the owner responsibilities that keep your South Florida roof protected."
https://coastalroofingofsouthflorida.com/blog/transform-your-south-florida-homes-exterior-with-natural-materials-for-lasting-beauty/,6616,224,148,"Discover how natural exterior materials like clay tiles, native plants, and sustainable siding can enhance your South Florida home's beauty while providing energy efficiency and environmental benefits for coastal properties.",See how natural materials like clay tiles and native plants boost your South Florida home's beauty while adding energy efficiency and lasting value.
https://coastalroofingofsouthflorida.com/storm-damage/storm-damage-in-broward-county-fl/,7501,163,156,Recover from storm damage with expert roofing services in Broward County. Our local team provides reliable repairs to protect your home from South Florida weather.,Recover from storm damage with expert roofing in Broward County. Our local team delivers reliable repairs that protect your home from South Florida weather.
https://coastalroofingofsouthflorida.com/blog/when-should-you-replace-your-tile-roof-5-key-signs-to-watch-for-in-south-florida/,6614,232,137,"Learn the 5 essential warning signs that indicate when your tile roof needs replacement versus simple repairs in South Florida, including age factors, leak patterns, and structural damage indicators for Palm Beach County homeowners.","Learn the 5 warning signs that your South Florida tile roof needs replacement instead of repair, from age and leaks to structural damage."
https://coastalroofingofsouthflorida.com/blog/a-florida-homeowners-guide-to-epdm-rubber-roofing-in-2026/,4906,307,150,"If you have a flat or low-slope roof on your South Florida home, you may have heard about EPDM rubber roofing. It is a popular and reliable option, but you need to know if it’s the right fit for your property. This guide will walk you through the essential information to help you make a confident decision.",Have a flat or low-slope roof? This guide walks Florida homeowners through EPDM rubber roofing so you can decide if it is the right fit for your home.
https://coastalroofingofsouthflorida.com/blog/how-modern-technology-is-transforming-roofing-contractors-south-florida-2026/,6587,187,147,"Discover how cutting-edge technology like smart roofs, drone inspections, and thermal imaging is revolutionizing the roofing industry in South Florida and improving contractor efficiency.","See how smart roofs, drone inspections, and thermal imaging are transforming South Florida roofing and helping contractors work faster and smarter."
https://coastalroofingofsouthflorida.com/blog/why-do-tile-roofs-fail-and-how-can-you-prevent-it-in-south-florida/,6621,168,152,Discover the main reasons tile roofs fail and learn proven prevention strategies to protect your South Florida home from costly repairs and extend your roof's lifespan.,Discover the main reasons tile roofs fail and proven prevention tips to protect your South Florida home from costly repairs and extend your roof's life.
https://coastalroofingofsouthflorida.com/blog/floridas-cool-roof-requirements-explained/,6020,308,147,"If you’re replacing your roof in South Florida, you’ve likely heard the term “cool roof.” Whether your contractor mentioned it or you saw it on your building permit, it’s a term worth understanding. A cool roof can impact your home’s comfort, your energy bills, and your compliance with state building codes.","Replacing your roof in South Florida? Learn what a cool roof is and how it affects your home's comfort, energy bills, and building code compliance."
https://coastalroofingofsouthflorida.com/blog/asphalt-shingle-roofs-south-florida-complete-guide-pros-cons-costs/,6597,190,143,"A comprehensive guide covering the advantages, disadvantages, and costs of asphalt shingle roofs specifically for South Florida homeowners, including wind ratings and climate considerations.","A complete guide to the pros, cons, and costs of asphalt shingle roofs in South Florida, including wind ratings and key climate considerations."
https://coastalroofingofsouthflorida.com/blog/will-your-roof-pass-insurance-inspection-south-florida-2026/,6606,169,142,Learn what insurance companies look for during roof inspections in South Florida and discover the key factors that determine whether your roof will pass or fail in 2026.,Learn what insurers look for during a South Florida roof inspection and the key factors that decide whether your roof passes or fails in 2026.
https://coastalroofingofsouthflorida.com/roof-replacement/roof-replacement-in-lake-clarke-shores-fl/,3078,171,134,"When your roof shows signs of wear, leaks, or storm damage, a timely roof replacement can protect your property and enhance its value. At Coastal Roofing of South Florida.","When wear, leaks, or storm damage appear, Coastal Roofing of South Florida provides timely roof replacement in Lake Clarke Shores, FL."
https://coastalroofingofsouthflorida.com/blog/essential-checklist-for-choosing-the-right-roofing-contractor-in-south-florida/,6584,241,145,"A comprehensive guide to help South Florida homeowners identify trustworthy roofing contractors through essential criteria including licensing, local experience with coastal conditions, reviews, and warranty options to avoid costly mistakes.","Use this checklist to choose a trustworthy South Florida roofing contractor, covering licensing, local experience, reviews, and warranty options."
https://coastalroofingofsouthflorida.com/roof-replacement/roof-replacement-in-loxahatchee/,2962,235,136,"Your roof protects your home from Florida’s sun, rain, and storms — but over time, even the strongest roofs wear down. When that happens, Coastal Roofing of South Florida is your trusted partner for roof replacement in Loxahatchee, FL.","Even strong roofs wear down over time. Coastal Roofing of South Florida is your trusted partner for roof replacement in Loxahatchee, FL."
https://coastalroofingofsouthflorida.com/blog/how-to-fix-a-leaking-shingle-roof-in-south-florida-in-6-steps/,6574,194,138,"A comprehensive guide showing South Florida homeowners how to safely identify, locate, and repair shingle roof leaks using proven DIY methods and when to call professionals in Palm Beach County.","A 6-step guide for South Florida homeowners to safely find and repair shingle roof leaks, plus when to call the pros in Palm Beach County."
https://coastalroofingofsouthflorida.com/blog/what-do-south-florida-homeowners-need-to-know-about-emergency-roof-repair/,6588,207,142,"A comprehensive guide covering emergency roof repair essentials for South Florida homeowners, including damage identification, immediate response steps, and professional repair services in Palm Beach County.","A guide to emergency roof repair for South Florida homeowners, covering how to spot damage, what to do first, and when to call a professional."
https://coastalroofingofsouthflorida.com/blog/metal-roofs-that-look-like-tile-vs-clay-tiles-florida-comparison-guide/,5379,207,145,"Compare metal roofs that look like tile versus traditional clay tiles for Florida homes, including costs, durability, wind resistance, and installation benefits to help you choose the right roofing material.","Compare metal roofs that look like tile against real clay tiles for Florida homes, including cost, durability, wind resistance, and installation."
https://coastalroofingofsouthflorida.com/commercial-roof-inspection/commercial-roof-inspection-in-palm-beach-county-fl/,7071,166,150,"Coastal Roofing provides expert commercial roof inspections in Palm Beach County, FL. We identify vulnerabilities to keep your business secure and structurally sound.","Coastal Roofing provides expert commercial roof inspections in Palm Beach County, FL, spotting vulnerabilities to keep your business secure and sound."
https://coastalroofingofsouthflorida.com/commercial-roofing/commercial-roofing-in-wellington-fl/,3642,286,151,"When it comes to protecting your business, a strong and reliable roof is essential. At Coastal Roofing of South Florida, we provide professional commercial roofing services in Wellington, FL, designed to deliver long-term performance, energy efficiency, and superior weather protection.","Coastal Roofing of South Florida provides professional commercial roofing in Wellington, FL, built for lasting performance, efficiency, and protection."
https://coastalroofingofsouthflorida.com/blog/how-to-install-gutters-on-a-metal-roof-complete-step-by-step-guide/,5373,213,147,"A comprehensive guide showing homeowners how to properly install gutters on metal roofs, covering planning, materials selection, step-by-step installation process, and maintenance tips for long-lasting protection.","A step-by-step guide to installing gutters on a metal roof, covering planning, materials, the full process, and maintenance for lasting protection."
https://coastalroofingofsouthflorida.com/blog/what-are-tas-testing-standards-for-florida-roofs-in-2026/,4933,267,144,"When getting quotes for a new roof, you might hear a contractor mention “TAS-approved materials.” Or perhaps an insurance adjuster asks if your roof meets TAS standards after a storm. If you’re wondering what this technical term means for your home, you’re not alone.","Hearing about TAS-approved roofing materials? Learn what TAS testing standards mean for your Florida roof, your insurance, and storm protection."
https://coastalroofingofsouthflorida.com/roof-replacement/roof-replacement-in-palm-springs-fl/,3095,170,128,"If your roof is showing signs of wear, leaks, or storm damage, timely roof replacement is essential to protect your home or business. At Coastal Roofing of South Florida.","When wear, leaks, or storm damage appear, Coastal Roofing of South Florida provides timely roof replacement in Palm Springs, FL."
https://coastalroofingofsouthflorida.com/roof-repair/roof-repair-in-west-palm-beach-fl/,3011,178,146,"When your roof starts showing signs of leaks, cracks, or wear, quick and professional repairs can save you from major expenses down the line. At Coastal Roofing of South Florida.","Leaks, cracks, or wear? Quick, professional roof repair from Coastal Roofing of South Florida in West Palm Beach can save you from major expenses."
https://coastalroofingofsouthflorida.com/blog/south-florida-homeowners-insurance-savings-through-strategic-roof-upgrades/,6599,196,146,Discover how South Florida homeowners from West Palm Beach to Boca Raton can reduce insurance premiums by 3% to 55% through wind mitigation roof upgrades and strategic home hardening improvements.,See how South Florida homeowners can cut insurance premiums 3% to 55% through wind mitigation roof upgrades and smart home hardening improvements.
https://coastalroofingofsouthflorida.com/blog/how-trees-can-affect-your-roofs-health/,5877,322,147,"Trees bring welcome shade and beauty to your South Florida home, but they can also cause damage to your roof that may lead to expensive repairs. Living in our region means beautiful, year-round tree growth, but it also means dealing with tropical storms and strong winds. This combination creates challenges for your roof.",Trees add shade and beauty but can also damage your South Florida roof. Learn how they affect your roof's health and how to prevent costly repairs.
https://coastalroofingofsouthflorida.com/blog/essential-commercial-roof-maintenance-guide-for-south-florida-property-managers/,6592,227,141,"A comprehensive guide for South Florida property managers on maintaining commercial roofs through regular inspections, preventive care, and timely repairs to avoid costly damage and extend roof lifespan in coastal environments.","A practical commercial roof maintenance guide for South Florida property managers, covering inspections, preventive care, and timely repairs."
https://coastalroofingofsouthflorida.com/blog/how-modern-roofing-technology-transforms-commercial-property-management-south-florida/,6589,210,143,"Discover how cutting-edge roofing technology including drone inspections, smart materials, and advanced software solutions help South Florida commercial property managers reduce costs and extend roof longevity.","See how drone inspections, smart materials, and modern software help South Florida commercial property managers cut costs and extend roof life."
https://coastalroofingofsouthflorida.com/blog/what-is-the-history-of-tile-roofs-from-ancient-china-to-modern-south-florida/,6624,195,148,"Explore the fascinating 12,000-year journey of tile roofing from ancient China to modern South Florida, including why installation methods determine whether your tile roof lasts 30 or 100+ years.","Explore the long history of tile roofing from ancient China to South Florida, and why installation decides if your tile roof lasts 30 or 100+ years."
https://coastalroofingofsouthflorida.com/blog/what-are-floridas-roof-ventilation-code-requirements/,6014,330,150,"If you’ve ever felt a blast of heat when opening your attic hatch on a summer day, you’ve experienced the effects of a poorly ventilated roof. In South Florida, this is more than a comfort issue. Trapped heat and moisture can quietly damage your roof structure, increase your energy bills, and lead to expensive moisture problems.","Poor attic ventilation traps heat and moisture. Learn Florida's roof ventilation code rules and how they protect your roof, comfort, and energy bills."
https://coastalroofingofsouthflorida.com/blog/small-home-improvements-that-add-big-value-to-your-west-palm-beach-home/,6578,180,148,"Discover affordable home improvements under $1,000 that can boost your West Palm Beach home's value and curb appeal, from simple painting projects to strategic landscaping updates.","Discover affordable home improvements under $1,000 that boost your West Palm Beach home's value and curb appeal, from painting to smart landscaping."
https://coastalroofingofsouthflorida.com/storm-damage/storm-damage-repair-in-delray-beach-fl/,3506,179,153,"When storms roll through Delray Beach, your roof takes the brunt of Florida’s harsh weather — from heavy rain and gusty winds to flying debris. At Coastal Roofing of South Florida","Heavy rain, wind, and debris hit your roof hard in Delray Beach. Coastal Roofing of South Florida provides reliable storm damage repair when you need it."
https://coastalroofingofsouthflorida.com/blog/7-signs-your-shingle-roof-needs-replacement-in-south-florida/,6596,188,139,"Learn the key warning signs that indicate your South Florida shingle roof needs replacement, from curling shingles to missing granules, and when to call professionals in Palm Beach County.","Learn 7 warning signs your South Florida shingle roof needs replacement, from curling shingles to lost granules, and when to call the pros."
https://coastalroofingofsouthflorida.com/blog/how-does-florida-wind-mitigation-form-impact-my-safe-florida-home-savings-in-palm-beach-county/,6598,226,149,Learn how Florida's wind mitigation form directly impacts your My Safe Florida Home program benefits in Palm Beach County and discover the seven key inspection areas that can save you up to $900 annually on insurance premiums.,"See how Florida's wind mitigation form shapes your My Safe Florida Home savings, with 7 key inspection areas that can cut premiums up to $900 a year."
https://coastalroofingofsouthflorida.com/blog/what-happens-during-a-professional-roof-inspection-in-south-florida/,6586,234,153,"A comprehensive guide explaining the step-by-step process of professional roof inspections in South Florida, what inspectors look for, and why regular inspections are essential for protecting your home from coastal weather conditions.","A step-by-step look at what happens during a professional South Florida roof inspection, what inspectors check, and why regular checks protect your home."
https://coastalroofingofsouthflorida.com/blog/6-home-renovation-myths-that-could-cost-you-thousands-in-south-florida/,6581,161,131,Discover the truth behind common home renovation myths that lead to costly mistakes and learn how to avoid expensive pitfalls in your next South Florida project.,Discover the truth behind 6 common home renovation myths and learn how to avoid costly mistakes on your next South Florida project.
https://coastalroofingofsouthflorida.com/blog/why-proper-flashing-installation-prevents-costly-tile-roof-damage-in-south-florida/,6627,219,147,"Learn how proper flashing installation protects your tile roof from water damage in South Florida's challenging climate, extends its lifespan, and prevents costly repairs through expert techniques and quality materials.","Learn how proper flashing installation protects your South Florida tile roof from water damage, extends its life, and helps prevent costly repairs."
https://coastalroofingofsouthflorida.com/roof-replacement/roof-replacement-in-lake-worth-beach-fl/,5072,170,132,"If your roof is showing signs of wear, leaks, or storm damage, timely roof replacement is essential to protect your home or business. At Coastal Roofing of South Florida.","When wear, leaks, or storm damage appear, Coastal Roofing of South Florida provides timely roof replacement in Lake Worth Beach, FL."
https://coastalroofingofsouthflorida.com/blog/minimum-slope-for-metal-roof-in-florida-complete-2026-code-guide/,5385,170,148,"A comprehensive guide to minimum slope requirements for metal roofs in Florida, covering building code standards, system types, and solutions for low-slope installations.","A complete guide to minimum slope requirements for metal roofs in Florida, covering building codes, system types, and solutions for low-slope roofs."
https://coastalroofingofsouthflorida.com/blog/commercial-roofing-maintenance-programs-for-west-palm-beach-property-managers/,6590,226,152,"A comprehensive guide to commercial roofing maintenance programs specifically designed for West Palm Beach property managers, covering essential services, local challenges, and key features to look for in a roofing contractor.","A guide to commercial roofing maintenance programs for West Palm Beach property managers, covering key services, local challenges, and what to look for."
https://coastalroofingofsouthflorida.com/blog/5-essential-tile-roofing-questions-every-south-florida-homeowner-should-ask/,6617,178,147,"Get answers to the top 5 tile roofing questions South Florida homeowners ask about installation, maintenance, durability, and hurricane resistance for informed roofing decisions.","Get answers to the top 5 tile roofing questions South Florida homeowners ask about installation, maintenance, durability, and hurricane resistance."
https://coastalroofingofsouthflorida.com/blog/roof-to-wall-connections-save-20-50-percent-south-florida-wind-insurance/,6607,175,144,Learn how proper roof-to-wall connections can save South Florida homeowners 20-50% on wind insurance through state-mandated wind mitigation discounts and hurricane protection.,Learn how strong roof-to-wall connections can save South Florida homeowners 20 to 50% on wind insurance through state wind mitigation discounts.
https://coastalroofingofsouthflorida.com/blog/veterans-first-responders-teachers-roofing-discounts-florida/,5346,186,157,"Exclusive roofing discounts for veterans, first responders, teachers, and seniors in Florida with specific discount percentages, eligibility requirements, and step-by-step claim process.","Roofing discounts for Florida veterans, first responders, teachers, and seniors, with discount details, eligibility, and a simple step-by-step claim process."
https://coastalroofingofsouthflorida.com/blog/parts-of-a-roof/,2691,306,143,"Your roof does more than just protect your home from the elements. It works as a vital system, ensuring your house stays structurally sound and safe for years to come. Understanding the key parts of a roof can help you maintain its durability and address potential issues before they become costly repairs.",Your roof is a system that keeps your home sound and safe. Learn the 11 key parts of a roof and how each one helps protect your home for years.
https://coastalroofingofsouthflorida.com/blog/south-florida-hoa-roofing-reserves-rules-property-managers-must-know-in-2026/,6602,177,148,"Essential guide for South Florida property managers on Florida's updated HOA roofing reserve requirements, DCRA regulations, and compliance strategies to avoid costly surprises.",An essential guide for South Florida property managers on Florida's updated HOA roofing reserve rules and how to stay compliant and avoid surprises.
https://coastalroofingofsouthflorida.com/blog/complete-tile-roof-maintenance-guide-for-south-florida-homeowners/,6615,216,153,"A comprehensive guide covering essential tile roof maintenance practices, inspection tips, and professional care strategies for South Florida homeowners to maximize their roof's lifespan and protect their investment.","A complete tile roof maintenance guide for South Florida homeowners, with inspection tips and care strategies to maximize lifespan and protect your home."
https://coastalroofingofsouthflorida.com/roof-replacement/roof-replacement-in-palm-beach-gardens-fl/,2974,168,158,"When your roof begins to show signs of aging, leaks, or storm wear, it’s important to act quickly to protect your home or business. At Coastal Roofing of South Florida.","When aging, leaks, or storm wear show up, act fast. Coastal Roofing of South Florida provides roof replacement in Palm Beach Gardens to protect your property."
https://coastalroofingofsouthflorida.com/blog/when-to-replace-your-roof-7-clear-warning-signs-south-florida-homeowners-should-know/,6575,211,143,"Learn the 7 key warning signs that indicate your South Florida roof needs replacement, from missing shingles to energy bill spikes, plus expert tips on determining your roof's age and when repairs aren't enough.","Learn 7 clear signs your South Florida roof needs replacement, from missing shingles to rising energy bills, plus how to gauge your roof's age."
https://coastalroofingofsouthflorida.com/commercial-roof-inspection/commercial-roof-inspection-in-delray-beach-fl/,7043,161,145,"Coastal Roofing provides expert commercial roof inspections in Delray Beach, FL. We identify vulnerabilities to keep your business secure and structurally sound.","Coastal Roofing provides expert commercial roof inspections in Delray Beach, FL, spotting vulnerabilities to keep your business secure and sound."
https://coastalroofingofsouthflorida.com/blog/are-metal-roofs-safe-from-lightning-strikes-palm-beach-county-roofing-expert-explains/,6612,183,132,"Discover why metal roofs are actually safer during lightning strikes, with expert insights from Palm Beach County roofing professionals and scientific evidence debunking common myths.",Are metal roofs safe in lightning storms? A Palm Beach County roofing expert explains the science and debunks the most common myths.
https://coastalroofingofsouthflorida.com/blog/roof-framing/,2699,318,136,"Your roof is one of the most critical elements of your home. But have you ever wondered what goes into creating the structure that protects you from the elements? Roof framing is the foundation of any roof, and understanding the process can help you appreciate the craftsmanship behind your home's protective covering.","Ever wonder how your roof is built? Learn how roof framing forms the structure that protects your home, and the craftsmanship behind it."
https://coastalroofingofsouthflorida.com/blog/is-a-modified-bitumen-roof-right-for-your-florida-home/,5897,422,153,"Choosing a new flat roof in South Florida can be confusing with so many options available. You may have heard of modified bitumen roofing, but wonder if it can handle our intense sun and heavy rain. That’s an important question. Florida’s climate tests roofing materials in unique ways. This guide will walk you through what you need to know about modified bitumen, helping you make a confident decision for your property.",Choosing a flat roof in South Florida? Learn whether a modified bitumen roof can handle our intense sun and heavy rain so you can decide with confidence.
https://coastalroofingofsouthflorida.com/blog/why-tile-roofing-is-the-smart-investment-for-south-florida-homeowners-in-2026/,6622,206,148,"Discover why tile roofing offers superior durability, energy efficiency, and wind resistance for South Florida homes, making it the smartest long-term investment for coastal homeowners in Palm Beach County.","Discover why tile roofing offers durability, energy efficiency, and wind resistance, making it a smart long-term investment for South Florida homes."
https://coastalroofingofsouthflorida.com/blog/property-managers-guide-hoa-roof-repairs-maintenance-south-florida/,6585,231,147,"A comprehensive guide for property managers handling HOA roof repairs in South Florida, covering proactive maintenance, hurricane damage assessment, reserve funding, and Florida statute requirements specific to coastal communities.","A guide for property managers handling HOA roof repairs in South Florida, covering maintenance, hurricane damage, reserve funding, and state rules."
https://coastalroofingofsouthflorida.com/blog/how-to-protect-your-roof-from-heavy-rain-damage/,5954,273,148,"After a heavy rainstorm, the last thing you want to find is a new water stain on your ceiling or hear the steady drip of a leak in your attic. While concerning, these signs don’t mean your roof is destroyed. They’re simply clues that rain has found a pre-existing weakness.","A new ceiling stain after a storm signals a weak spot, not a ruined roof. Learn how to protect your roof from heavy rain damage before leaks spread."
https://coastalroofingofsouthflorida.com/storm-damage/storm-damage-repair-in-royal-palm-beach-fl/,3520,181,148,"When a powerful Florida storm hits Royal Palm Beach, your roof often takes the worst of it — from heavy winds to pounding rain and flying debris. At Coastal Roofing of South Florida","When a Florida storm hits Royal Palm Beach, your roof takes the worst of it. Coastal Roofing of South Florida provides reliable storm damage repair."
https://coastalroofingofsouthflorida.com/blog/how-much-does-roof-replacement-cost-in-south-florida-in-2026/,6571,228,140,"Complete guide to South Florida roof replacement costs in 2026, including material-specific pricing, cost factors, and expert tips for homeowners in Palm Beach County and surrounding coastal areas planning their roofing project.","A 2026 guide to South Florida roof replacement costs, with material pricing, cost factors, and expert tips for Palm Beach County homeowners."
https://coastalroofingofsouthflorida.com/tile-roofing/tile-roofing-in-south-florida-fl/,7446,167,147,Upgrade your South Florida home with elegant and durable tile roofing. Our expert team provides quality local craftsmanship to keep your property beautiful and secure.,"Upgrade your South Florida home with elegant, durable tile roofing. Our expert team delivers quality craftsmanship that keeps your property secure."
https://coastalroofingofsouthflorida.com/blog/why-choosing-owens-corning-platinum-preferred-contractor-matters-for-your-south-florida-roof/,6580,183,148,"Learn why selecting an Owens Corning Platinum Preferred Contractor in South Florida ensures superior workmanship, comprehensive warranties, and peace of mind for your roofing project.","Learn why choosing an Owens Corning Platinum Preferred Contractor in South Florida means better workmanship, stronger warranties, and peace of mind."
https://coastalroofingofsouthflorida.com/blog/what-is-a-desk-adjuster-review-for-a-roof-claim/,5998,367,142,"After a South Florida storm passes, the relief you feel can quickly turn to confusion when it’s time to file a roof insurance claim. The process is filled with unfamiliar terms, and one that often catches homeowners off guard is “desk adjuster.” Understanding what a desk adjuster does and how they impact your claim is crucial for ensuring you get a fair settlement.","Filing a roof insurance claim? Learn what a desk adjuster does, how they affect your claim, and how to protect your shot at a fair settlement."
https://coastalroofingofsouthflorida.com/blog/how-homeowners-insurance-discounts-for-new-roofs-can-save-you-thousands-in-south-florida/,6603,168,146,Learn how South Florida homeowners can save up to 30-70% on wind insurance premiums through certified wind mitigation inspections and hurricane-resistant roof features.,Learn how South Florida homeowners can save 30 to 70% on wind insurance through wind mitigation inspections and hurricane-resistant roof features.
https://coastalroofingofsouthflorida.com/commercial-roof-inspection/commercial-roof-inspection-in-miami-dade-county-fl/,7077,166,150,"Coastal Roofing provides expert commercial roof inspections in Miami Dade County, FL. We identify vulnerabilities to keep your business secure and structurally sound.","Coastal Roofing provides expert commercial roof inspections in Miami Dade County, FL, spotting vulnerabilities to keep your business secure and sound."
https://coastalroofingofsouthflorida.com/storm-damage/storm-damage-repair-in-lake-worth-beach-fl/,5051,186,141,"Severe storms can strike unexpectedly, leaving your roof vulnerable to leaks, structural damage, and debris. Coastal Roofing of South Florida offers reliable storm damage repair services","Storms can leave your roof leaking and damaged. Coastal Roofing of South Florida offers reliable storm damage repair in Lake Worth Beach, FL."
https://coastalroofingofsouthflorida.com/blog/is-smart-roof-monitoring-worth-it-for-your-south-florida-home/,5993,244,155,"For most homeowners, the roof is out of sight and out of mind. This changes when a problem like a leaky roof or a missing shingle appears. By the time you notice these signs, the damage has often been quietly spreading for weeks or even months.",Roof problems often spread for weeks before you notice. See whether smart roof monitoring is worth it for catching issues early on your South Florida home.
https://coastalroofingofsouthflorida.com/storm-damage/storm-damage-repair-in-west-palm-beach-fl/,3524,173,145,"Severe weather in West Palm Beach can strike at any time — leaving your roof vulnerable to leaks, missing shingles, or structural damage. At Coastal Roofing of South Florida",Severe weather in West Palm Beach can leave your roof leaking or damaged. Coastal Roofing of South Florida provides reliable storm damage repair.
https://coastalroofingofsouthflorida.com/storm-damage/storm-damage-repair-in-palm-springs-fl/,3572,186,137,"Severe storms can strike unexpectedly, leaving your roof vulnerable to leaks, structural damage, and debris. Coastal Roofing of South Florida offers reliable storm damage repair services","Storms can leave your roof leaking and damaged. Coastal Roofing of South Florida offers reliable storm damage repair in Palm Springs, FL."
https://coastalroofingofsouthflorida.com/blog/what-should-commercial-roof-maintenance-include-in-south-florida-in-2026/,6591,255,158,"A comprehensive guide to essential commercial roof maintenance components for South Florida businesses, including inspections, routine care, repairs, and record-keeping to protect your building investment and prevent costly damage in coastal environments.","Learn what commercial roof maintenance should include in South Florida, from inspections and routine care to repairs and the record-keeping that protects you."
