question,answer,persona,cluster,funnel,seed_keyword,depth,volume,kd,cpc,slop_flags,slug,ahrefs_url
How to tell if a roofer is lying?,"In Florida, verify three things in this order: license, permit, insurance. Look up the contractor at MyFloridaLicense.com (the Florida DBPR database) and confirm an active CCC certified or RC registered roofing license. Check for any disciplinary actions on the record. Ask which county will issue the permit (Martin, St. Lucie, or Palm Beach) and call that building department to confirm it is pulled in the roofer's company name. Request a current Certificate of Insurance sent directly from the carrier, covering general liability and workers comp. Cross-check the company on BBB.org and read the 1-star reviews. A roofer who refuses any of these three steps in writing is the answer to your question.",Janelle — Cost-Conscious Replacer,process,BOFU,how long does a roof replacement take florida,1,80,,,,how-to-tell-if-a-roofer-is-lying,
What is the 25 rule for roofs in Florida?,"Florida's old ""25% rule"" required full roof replacement when 25% of the roof was damaged within any 12-month period. The 2022 SB 4-D reform narrowed it sharply. If your roof was built or replaced after March 1, 2009 to the Florida Building Code, you can repair only the damaged portion. That holds regardless of how widespread the damage is. Older roofs still trigger the full-replacement requirement under FBC R908.1.1.1 when damage crosses the 25% threshold. The age cutoff matters most on Treasure Coast homes from the 1990s and early 2000s. We document the original install date during inspection so you know which rule applies before filing a claim.",Janelle — Cost-Conscious Replacer,process,BOFU,how long does a roof replacement take florida,1,,,,,what-is-the-25-rule-for-roofs-in-florida,
Can you stay in your house while the roof is being replaced?,"Yes, you can stay in the house during a roof replacement, and most homeowners do. A standard shingle, tile, or standing seam metal tear-off runs 2 to 3 days on a typical 2,000 sqft Treasure Coast home. Expect heavy hammering and walking overhead from roughly 7 a.m. to 5 p.m., plus a dumpster and crew trucks in the driveway. Move cars out the night before, take wall art off shared walls, and keep pets in a back room or off-site. Attic items should be covered with sheets because vibration shakes dust loose. Residents with infants, night-shift workers, or noise-sensitive pets often book a hotel for the loudest day.",Janelle — Cost-Conscious Replacer,process,BOFU,how long does a roof replacement take florida,1,,,,,can-you-stay-in-your-house-while-the-roof-is-being-replaced,
What is the average cost to replace a roof in Florida?,"A full roof replacement on a 2,000 sqft Treasure Coast home runs $9,800 to $41,800 in 2026, depending on material. Architectural shingle sits at the low end ($9,800 to $18,000). Concrete tile lands in the middle ($22,000 to $35,000). Standing seam metal tops the range ($25,000 to $41,800). Variables that move the number include roof pitch, story count, tear-off layers, decking replacement, and skylights. Florida Building Code upgrades at permit time can add several thousand more. Hurricane-rated underlayment and a secondary water barrier add $1,500 to $3,500, often required on re-roofs in Martin, St. Lucie, and Palm Beach counties. FoxHaven's 30-second online estimate gives a ballpark before any visit.",Janelle — Cost-Conscious Replacer,process,BOFU,how long does a roof replacement take florida,1,,,,,what-is-the-average-cost-to-replace-a-roof-in-florida,
How to spot a roofing scammer?,"In Florida, the most common post-hurricane scams share five patterns. Watch for out-of-state license plates and unsolicited door-knocking within 72 hours of a storm. Watch for pressure to sign an Assignment of Benefits (AOB) form on the spot. Watch for a demand for a large upfront deposit (Florida caps it at 10% or $1,000) and a verbal-only ""free roof"" promise. The 2022 AOB reform (SB 2-A) eliminated one-way attorney fees, so legitimate Florida roofers rarely push these contracts anymore. Report price gouging to the Florida Attorney General hotline at 1-866-966-7226. Confirm any contractor through MyFloridaLicense.com (the DBPR database) before letting them on your roof. Never hand over your insurance claim check to a contractor you just met.",Janelle — Cost-Conscious Replacer,process,BOFU,how long does a roof replacement take florida,2,,,,,how-to-spot-a-roofing-scammer,
Should I accept a free roof inspection?,"In Florida, yes, but only after you verify the contractor's DBPR license, local address, and BBB rating. Confirm the license at MyFloridaLicense.com and look for an active CCC certified or RC registered roofing number with no disciplinary actions. Check that the business address is a real office, not a hotel or P.O. box. On the Treasure Coast, out-of-state storm chasers run ""free inspection"" door-knocks within 72 hours of every hurricane, then create damage or vanish with deposits. A legitimate inspector takes drone and on-site photos, walks you through the findings, and gives a written report with no pressure to sign. FoxHaven runs a 5-step inspection (drone, walk, interior, gutters, action plan) and never asks for a deposit upfront.",Carol & Don — Storm-Worried Retiree,inspection,BOFU,what is included in a free roof inspection,1,,,,,should-i-accept-a-free-roof-inspection,
What not to say to insurance adjuster roof?,"After a Florida hurricane claim, do not guess at the cause, date, or dollar value of the damage. Do not say the roof was ""old"" or ""already leaking."" Florida adjusters use those phrases to argue wear-and-tear over named-storm damage. That can flip a covered claim into a denied one under the hurricane deductible. Stick to dated facts: when the named storm hit (per NHC), when you noticed the issue, what a licensed roofer documented. Never sign an Assignment of Benefits at inspection (Florida's 2022 SB 2-A reform restricts these for roof claims). Under Florida Statute 626.854, contractors cannot negotiate your claim or waive your deductible. FoxHaven provides photo documentation and a written scope for your file.",Carol & Don — Storm-Worried Retiree,inspection,BOFU,what is included in a free roof inspection,1,,,,,what-not-to-say-to-insurance-adjuster-roof,
Is a free inspection from a contractor really free?,"In Florida, yes for a legitimate local contractor. The inspection is a sales cost recovered only if you sign a replacement contract at standard pricing. A reputable Treasure Coast roofer spends 60 to 90 minutes onsite. They earn it back across the 15 to 40 jobs they close each month. The scam version (often out-of-state storm chasers after a named storm) recovers cost by creating damage, inflating a claim, or taking a deposit and disappearing. Florida Statute 626.854 bans contractors from offering rebates, gift cards, or deductible waivers in exchange for inspections. FoxHaven's inspection includes drone footage, interior check, gutter check, and a written action plan with zero deposit required.",Carol & Don — Storm-Worried Retiree,inspection,BOFU,what is included in a free roof inspection,1,,,,,is-a-free-inspection-from-a-contractor-really-free,
How much would shingles on a roof cost on 1200 sq ft?,"On a typical Treasure Coast or Palm Beach 1,200 sqft home, a shingle roof runs roughly $5,900 to $25,100 installed in 2026. That scales from FoxHaven's published $9,800 to $41,800 range for a 2,000 sqft Florida home. The low end covers a basic 3-tab asphalt tear-off and replace. The high end reflects architectural shingles with full deck repair, code upgrades, and steep-pitch labor. Treasure Coast pricing sits above the national average because of hurricane-rated underlayment, the Florida Building Code 25% rule, and labor demand after every storm season. Permit fees in Martin, St. Lucie, and Palm Beach counties add $200 to $700. FoxHaven gives a 30-second instant estimate from your address before any inspection.",Carol & Don — Storm-Worried Retiree,inspection,BOFU,what is included in a free roof inspection,2,,,,,how-much-would-shingles-on-a-roof-cost-on-1200-sq-ft,
What scares insurance adjusters?,"On a Florida hurricane claim, photo evidence, dated NOAA storm data, and a licensed roofer's written scope most often shift an adjuster's offer. Florida adjusters work from a software estimate (usually Xactimate) that produces a low first number. Specific counter-evidence forces a supplement. Drone photos of lifted shingles, creased tabs, and exposed underlayment make wear-and-tear arguments harder to sustain. A NOAA storm report tying damage to a named event closes the timing question under the hurricane deductible. Florida Building Code citations (the 25% reroof rule, current underlayment standards) force coverage of items not in the original estimate. Florida Statute 626.854 limits what your roofer can say directly, but they can document the scope.",Carol & Don — Storm-Worried Retiree,inspection,BOFU,what is included in a free roof inspection,2,,,,,what-scares-insurance-adjusters,
Will roofing costs go down in 2026?,"No, 2026 prices are expected to rise 3 to 8% over 2025 in Florida, not fall. Steel and aluminum tariffs continue to push metal roofing material costs up. Asphalt shingle manufacturers have already announced 2026 price increases tied to oil-derived inputs. Labor remains tight on the Treasure Coast because Citizens Property Insurance non-renewals keep pulling forward replacement demand. The only price-down windows are the post-hurricane-season slowdown (December to February) and grant-cycle timing when My Safe Florida Home covers up to $10,000. Most Florida roofers honor signed-contract pricing through install, so booking a Q1 2026 quote can hedge against mid-year increases.",Janelle — Cost-Conscious Replacer,cost,BOFU,roof replacement cost florida 2026,1,,,,,will-roofing-costs-go-down-in-2026,
Is a new roof tax deductible in 2026?,"No, a new residential roof is not federally tax deductible in 2026 for a primary home. The federal Energy Efficient Home Improvement Credit (IRS Section 25C) covered some metal and asphalt cool-roof products in earlier years. The One Big Beautiful Bill Act accelerated the credit's sunset, ending it for property placed in service after December 31, 2025. Florida has no state income tax, so there is no state-level roof deduction either. Florida's sales tax exemption for impact-rated products covers windows, doors, and garage doors only, not roofing materials. Rental property roofs remain depreciable over 27.5 years under IRS Schedule E. Ask a CPA about cost-basis adjustments at home sale.",Janelle — Cost-Conscious Replacer,cost,BOFU,roof replacement cost florida 2026,2,,,,,is-a-new-roof-tax-deductible-in-2026,
How can I get my roof replaced for free?,"A fully free roof in Florida happens in three real situations. First, a hurricane or wind claim paid by your carrier covers the replacement minus your deductible. That deductible often runs 2 to 5% of dwelling value on the named-storm line. Second, the My Safe Florida Home grant pays up to $10,000 on a $2-state-to-$1-homeowner match for hurricane mitigation. Third, Habitat for Humanity Treasure Coast and similar nonprofits occasionally cover full replacements for low-income seniors and veterans. Outside these paths, no contractor gives away $15,000 of labor. FoxHaven helps homeowners document storm damage for the claim and submit MSFH paperwork.",Carol & Don — Storm-Worried Retiree,grants,MOFU,florida roof replacement grants for seniors,2,30,,,,how-can-i-get-my-roof-replaced-for-free,
"What is the $10,000 My Safe Florida Home Program?","The My Safe Florida Home Program (MSFH) is a state-funded grant that pays up to $10,000 per home toward hurricane-hardening upgrades. Eligible work includes a fortified roof, impact windows, and reinforced garage doors. It reopened August 4, 2025 with $280 million from the Florida Legislature for the 2025-2026 cycle. A free state-assigned wind-mitigation inspection comes first and identifies which upgrades your home qualifies for. Low-income homeowners receive the full $10,000 with no match required. Moderate-income homeowners get $2 in state funds for every $1 they contribute. FoxHaven coordinates the inspection report, contractor approval, and grant paperwork for Treasure Coast and Palm Beach homeowners working through MSFH.",Frank — Insurance-Squeezed Long-Time Floridian,grants,MOFU,my safe florida home grant 2026 eligibility,1,,,,,what-is-the-10-000-my-safe-florida-home-program,
How much does My Safe Florida Home pay?,"My Safe Florida Home (MSFH) pays up to $10,000 per approved home for the 2025-2026 cycle. Low-income homeowners (at or below 80% of county median income) receive the full $10,000 with no matching contribution required. Moderate-income homeowners (at or below 120% of county median) get a 2-to-1 match. The state contributes $2 for every $1 the homeowner spends. A $5,000 homeowner contribution unlocks the full $10,000 state share. The grant only covers wind-mitigation upgrades identified in the required state inspection, not full roof replacements. FoxHaven scopes Treasure Coast roof work to align with the inspection findings and the grant cap.",Frank — Insurance-Squeezed Long-Time Floridian,grants,MOFU,my safe florida home grant 2026 eligibility,1,,,,,how-much-does-my-safe-florida-home-pay,
How do I qualify for My Safe Florida Home?,"To qualify for My Safe Florida Home (MSFH), you need a Florida single-family home with an active homestead exemption. The home must be insured for $700,000 or less, with a household income inside the program tiers. A free state-administered wind-mitigation inspection is also required before grant funds release. Income tiers set your priority slot: low-income age 60+ first, then low-income under 60, then moderate-income age 60+, then moderate-income under 60. You apply through mysafeflhome.com, complete the inspection, then hire a state-approved contractor. FoxHaven handles the contractor-approval step and install paperwork the state requires for Treasure Coast and Palm Beach County homeowners.",Frank — Insurance-Squeezed Long-Time Floridian,grants,MOFU,my safe florida home grant 2026 eligibility,1,,,,,how-do-i-qualify-for-my-safe-florida-home,
What is the income limit for My Safe Florida Home?,"My Safe Florida Home (MSFH) uses two income tiers tied to your county's median household income, calculated by HUD. Low-income means at or below 80% of county median, which qualifies for the full $10,000 grant with no matching contribution. Moderate-income means at or below 120% of county median, which qualifies for the 2-to-1 match (state pays $2 per $1 you contribute). Higher-income homeowners are not eligible in the 2025-2026 cycle, a change from prior years when income did not restrict access. Limits adjust by household size. For Martin, St. Lucie, and Palm Beach counties, FoxHaven helps customers verify their tier against current HUD county figures before applying.",Frank — Insurance-Squeezed Long-Time Floridian,grants,MOFU,my safe florida home grant 2026 eligibility,2,,,,,what-is-the-income-limit-for-my-safe-florida-home,
How many times can you apply for My Safe Florida Home?,"You can only receive a My Safe Florida Home (MSFH) grant once per property under the current program rules. A homeowner whose application was denied in a prior cycle can reapply in the 2025-2026 cycle. The home still needs to meet the rules: homestead exemption, $700,000 or less insured value, and an income tier the program currently serves. If your prior award was partial, the state does not stack additional grants on the same dwelling in later years. A second home, rental, or condo unit you own does not qualify since the homestead requirement is per primary residence. FoxHaven verifies prior-cycle status before starting paperwork.",Frank — Insurance-Squeezed Long-Time Floridian,grants,MOFU,my safe florida home grant how to apply,1,,,,,how-many-times-can-you-apply-for-my-safe-florida-home,
Are there any programs to help pay for a new roof in Florida?,"Yes. The main one is My Safe Florida Home (MSFH), a state grant that pays $2 for every $1 spent on hurricane mitigation. The cap is $10,000 for roof and opening upgrades. Eligibility runs through a free wind-mitigation inspection, with priority for low-to-moderate income homestead properties. USDA Section 504 loans and grants help rural Treasure Coast owners 62 and older. PACE financing (a property-tax-assessed loan for storm upgrades) is offered in several Florida counties for full replacement. FoxHaven helps Martin, St. Lucie, and Palm Beach County homeowners line up MSFH paperwork as part of the estimate.",Carol & Don — Storm-Worried Retiree,grants,MOFU,florida roof replacement grants for seniors,1,,,,,are-there-any-programs-to-help-pay-for-a-new-roof-in-florida,
How much does it cost to roof a 1500 sq ft house in Florida?,"A 1,500 sq ft Florida home runs roughly $7,400 to $31,400 in 2026. That scales from FoxHaven's published $9,800 to $41,800 range for a 2,000 sq ft replacement. Architectural shingle sits at the low end. Standing seam metal and concrete tile push the top end. Treasure Coast jobs carry a coastal premium because impact-rated underlayment, ring-shank nails, and FBC-compliant install labor cost more here than inland Florida. Tear-off, decking repair, permits, and dump fees are usually included in a real quote. FoxHaven gives a 30-second ballpark from the address, then confirms with an on-site measurement and photo report.",Carol & Don — Storm-Worried Retiree,grants,MOFU,florida roof replacement grants for seniors,1,,,,,how-much-does-it-cost-to-roof-a-1500-sq-ft-house-in-florida,
Does Florida have any discounts for putting a new roof on?,"Yes, two real ones. A wind-mitigation inspection (the OIR-B1-1802 form) can unlock 5 to 45% off your homeowners wind premium. The new roof has to document secondary water barrier, ring-shank deck attachment, hip geometry, and FBC-equivalent cover. A FORTIFIED roof (the IBHS hurricane-resilience certification, valid 5 years) typically adds another 5 to 25% wind discount with coastal Florida carriers. Citizens Property Insurance applies the same wind-mit credits. FoxHaven includes the wind-mit form in every Treasure Coast and Palm Beach County replacement. You hand it to your agent at the next renewal.",Carol & Don — Storm-Worried Retiree,grants,MOFU,florida roof replacement grants for seniors,1,,,,,does-florida-have-any-discounts-for-putting-a-new-roof-on,
What is the cheapest time of year to get a new roof?,"In Florida, late September through December is the cheapest window for a new roof, after hurricane season ends November 30. Demand drops sharply once the storm threat ends, and scheduling opens from 8-12 weeks back to 2-4 weeks. Crews also stop bidding against insurance-claim work. January and February stay soft before spring renewals hit. The expensive windows are June through August (peak storm season risk pricing) and the four to eight weeks after any named Florida landfall. Material and labor both spike during those periods. FoxHaven books fall installs at standard 2026 pricing and finishes most jobs in 2-3 days on-site.",Carol & Don — Storm-Worried Retiree,grants,MOFU,florida roof replacement grants for seniors,2,,,,,what-is-the-cheapest-time-of-year-to-get-a-new-roof,
What is the most expensive part of replacing a roof?,"On a typical Treasure Coast or Palm Beach tear-off, labor is the biggest line at 50 to 60% of the total bill. Material is next at 30 to 40%. Standing seam metal and concrete tile carry a steeper material share than architectural shingle. The third cost is rotted decking, which is impossible to see until tear-off. It adds $2 to $3 per square foot of plywood plus the framing labor. Permits, dump fees, and the wind-mitigation inspection round out the bill. FoxHaven prices decking repair as a per-sheet line so the cost is visible on the original estimate.",Carol & Don — Storm-Worried Retiree,grants,MOFU,florida roof replacement grants for seniors,2,,,,,what-is-the-most-expensive-part-of-replacing-a-roof,
What is the average cost of a fortified roof?,"A FORTIFIED roof (the IBHS hurricane-resilience certification) typically runs 10 to 20% more than a standard FBC-compliant replacement. On a 2,000 sq ft Treasure Coast home, that puts pricing at roughly $10,800 to $46,000 in 2026. The premium covers wider drip edge, fully sealed roof deck (tape over every seam), ring-shank nails in a 6/6 pattern, and a certified third-party inspection. Material choice still drives most of the price. Metal and tile cost more than architectural shingle even at FORTIFIED spec. Insurance discounts often recover the upgrade cost in 5 to 8 years through wind-premium reductions on Florida carriers.",Frank — Insurance-Squeezed Long-Time Floridian,grants,MOFU,fortified roof grant treasure coast,1,,,,,what-is-the-average-cost-of-a-fortified-roof,
Are fortified roofs worth the money?,"For a Treasure Coast or Palm Beach County home, usually yes. The 10 to 20% upcharge for FORTIFIED (the IBHS hurricane-resilience certification) typically pays back in 5 to 8 years. The mechanism is a 5 to 25% wind insurance discount, depending on carrier. The bigger return is hurricane survival. A sealed roof deck cuts water intrusion by up to 95% if the cover blows off. That often saves the interior from total drywall and floor loss. The certification also transfers with a home sale, which most realtors note as a resale advantage in coastal Florida listings.",Frank — Insurance-Squeezed Long-Time Floridian,grants,MOFU,fortified roof grant treasure coast,2,,,,,are-fortified-roofs-worth-the-money,
What is a fortified roof certification?,"A FORTIFIED roof certification is a third-party stamp from the Insurance Institute for Business and Home Safety (IBHS). It confirms the roof was built to a voluntary hurricane-resilience standard above Florida code. Three levels exist. FORTIFIED Roof covers the sealed deck, ring-shank nails, and wider drip edge. Silver adds opening protection like impact windows or shutters. Gold adds a structural load path tying the roof to the foundation. A certified IBHS-trained evaluator inspects during installation and issues a certificate valid 5 years. Coastal Florida insurers often discount wind premium 5 to 25% on certified homes.",Susan & Mark — Metal Roof Researchers,fortified,MOFU,how to apply for fortified roof certification florida,1,,,,,what-is-a-fortified-roof-certification,
How long does a fortified roof certificate last?,"A FORTIFIED roof certificate (the IBHS hurricane-resilience designation) is valid for 5 years from the date of issue. It transfers with a home sale during that window, which is why most coastal Florida realtors include the certificate in MLS listings. Renewal requires a re-evaluation by an IBHS-trained inspector to confirm the sealed deck, drip edge, and roof cover are still in compliance. Storm damage, an uncertified repair, or a roof cover replacement can void the certificate before the 5 years are up. FoxHaven schedules the re-evaluation in year four for Treasure Coast and Palm Beach County clients so the discount keeps applying.",Susan & Mark — Metal Roof Researchers,fortified,MOFU,how to apply for fortified roof certification florida,2,,,,,how-long-does-a-fortified-roof-certificate-last,
What qualifies for a fortified roof?,"Five things have to be in place for FORTIFIED Roof certification (the IBHS hurricane-resilience standard). The deck has to be attached with 8d ring-shank nails in a 6/6 pattern (every 6 inches on edges and inside). Every deck seam has to be taped or fully covered with a self-adhered underlayment to seal water out. The drip edge has to be wider than code, with a fully adhered starter strip. The roof cover (shingle, metal, or tile) has to meet impact-resistance ratings. Attic vents have to be wind-and-rain rated. An IBHS evaluator inspects during install and issues the certificate.",Susan & Mark — Metal Roof Researchers,fortified,MOFU,how to apply for fortified roof certification florida,2,,,,,what-qualifies-for-a-fortified-roof,
Does Florida homeowners insurance cover hurricane damage?,"Yes, standard Florida homeowners policies cover hurricane wind damage to your roof. The catch is a separate hurricane deductible much higher than your regular one. Florida law lets carriers (including Citizens Property Insurance) set this at 2%, 5%, or 10% of dwelling coverage, applied per calendar year. On a home insured for $400,000 at 2%, you pay the first $8,000 out of pocket. The deductible triggers when the National Hurricane Center names the storm and ends 72 hours after the storm loses tropical-cyclone status. Flood damage is excluded and requires a separate NFIP or private flood policy. You have one year from the date of loss to file a hurricane claim under current Florida statute.",Frank — Insurance-Squeezed Long-Time Floridian,insurance,MOFU,does insurance cover hurricane roof damage florida,1,,,,,does-florida-homeowners-insurance-cover-hurricane-damage,
Is the HOA responsible for the roof of a townhome?,"In most Florida townhome communities the HOA covers the roof, but Chapter 720 of the Florida Statutes does not set a default rule. Responsibility is decided by your community's recorded declaration of covenants (the CC&Rs) and bylaws. Townhome CC&Rs commonly assign exterior maintenance, including the roof, to the association, while condo-style associations governed by Chapter 718 almost always do. Detached single-family homes inside an HOA usually leave the roof to the individual owner. Read the ""Maintenance Responsibility"" section of your CC&Rs, or request a copy from your property manager before assuming. FoxHaven serves HOAs across Palm Beach Gardens and the Treasure Coast and provides per-unit cost breakdowns suitable for board approval.",Tom — HOA / Commercial Property Decision-Maker,commercial,MOFU,hoa roof replacement contractor treasure coast,1,,,,,is-the-hoa-responsible-for-the-roof-of-a-townhome,
Who pays for roof repairs in a townhouse?,"If the HOA owns the roof under your CC&Rs, the association writes the check. Money comes from reserve funds or a special assessment billed back through monthly dues. If the CC&Rs assign the roof to the individual unit owner (common in some Treasure Coast villa communities), you pay directly. Insurance proceeds follow ownership: an HOA master policy reimburses the association; an HO-6 or HO-3 owner policy reimburses the owner. A special assessment for roof replacement typically runs $4,000 to $12,000 per unit on a 2026 Treasure Coast project. The range depends on building size and material. FoxHaven structures HOA and multi-family bids as per-unit line items so the board can communicate cost to residents clearly.",Tom — HOA / Commercial Property Decision-Maker,commercial,MOFU,hoa roof replacement contractor treasure coast,2,,,,,who-pays-for-roof-repairs-in-a-townhouse,
Is it better to take out a loan on house or finance a roof through company?,"A home equity line (HELOC) is usually cheaper at 8 to 10% APR if you have 20% equity and good credit. Contractor financing is faster and does not put a lien on your home. A 2026 HELOC carries closing costs of $0 to $1,000 and a 30 to 45 day approval window. Contractor financing through Enhancify (FoxHaven's lender network of 30+ partners) prequalifies in 60 seconds with a soft credit pull. Funds arrive in 1 to 5 business days. APR ranges from about 6 to 28% depending on credit (FICO 550 to 850 accepted). For a 22 year old roof flagged by Citizens Property Insurance, speed often wins.",Janelle — Cost-Conscious Replacer,financing,MOFU,enhancify roof financing reviews,1,,,,,is-it-better-to-take-out-a-loan-on-house-or-finance-a-roof-through-company,
Is it worth financing a roof?,"Yes, when the alternative is deferring a needed roof and risking insurance non-renewal, water damage, or a forced rush job at storm-season pricing. A $20,000 roof financed at 9.99% APR over 10 years runs about $264 a month. That is well under the cost of one ceiling repair plus mold remediation. FoxHaven uses Enhancify, which routes your application to 30+ lenders and returns competing offers from a single soft credit pull. Loan amounts run $500 to $200,000 with funding in 1 to 5 business days. The math gets worse if the loan APR runs above 18% (sub-600 credit). In that case the My Safe Florida Home grant or a HELOC is usually a better path.",Janelle — Cost-Conscious Replacer,financing,MOFU,enhancify roof financing reviews,1,,,,,is-it-worth-financing-a-roof,
What do you do if you need a new roof and can't afford it?,"Stack three funding sources in order: insurance claim, state grant, then financing. First, get a free inspection and file a claim if the damage ties to a named storm. Florida law gives you up to 1 year for hurricane claims. Second, apply to the My Safe Florida Home grant for up to $10,000 toward hurricane-hardening work, including a fortified roof. Third, finance the remainder through Enhancify (FoxHaven's lender partner) at $500 to $200,000 with monthly terms. PACE programs in some Florida counties also fund roofs through property tax assessments, though APRs run higher. Senior homeowners on fixed income should check county weatherization aid through the FoxHaven Cares partner directory.",Janelle — Cost-Conscious Replacer,financing,MOFU,enhancify roof financing reviews,2,,,,,what-do-you-do-if-you-need-a-new-roof-and-can-t-afford-it,
Is the My Safe Florida Home grant still available?,"Yes, the My Safe Florida Home grant reopened August 4, 2025 and remains active for the 2025-2026 cycle. The Florida Legislature funded it with $280 million for the year. Applications process in priority order: low-income age 60+ first, then low-income under 60, then moderate-income age 60+, then moderate-income under 60. Each tier window opens roughly two weeks after the prior one. Funds are first-come within each tier and historically run out before cycle-end, so earlier filings inside your tier matter. FoxHaven monitors the MSFH portal for Treasure Coast and Palm Beach homeowners. We can flag when a customer's tier window opens so the application goes in on day one.",Frank — Insurance-Squeezed Long-Time Floridian,grants,MOFU,my safe florida home grant how to apply,1,,,,,is-my-safe-florida-home-grant-still-available,